EGYPT CDS USD SR Index,,,,,,,,,
YCCD2887 Index,,,,,,,,,
Dates,,6M,1Y,2Y,3Y,4Y,5Y,7Y,10Y
T,7/2/13,941.5,1006,1101.4,1020,1017.2,1000,1035.6,1060.5
M,7/1/13,762.4,832.5,944.1,898.8,910.2,900,920.9,928.1
,,,,,,,,,
F,6/28/13,747.3,815.5,924.5,880.6,891.7,881.7,901.7,908.3
T,6/27/13,738.3,827.1,910.8,882.8,902.2,887.5,917.5,909.3
W,6/26/13,728,815.2,897.7,870.3,889.4,875,904.2,895.6
T,6/25/13,683,764.7,842.1,816.6,834.7,821.3,849.3,842.1
M,6/24/13,668.8,758.7,822.5,804.8,822.5,807.3,839.4,836.1
,,,,,,,,,
F,6/21/13,637.9,710.2,786.7,779.5,795.9,798.4,819.8,816.6
T,6/20/13,572.8,670.9,740.9,739.9,757.9,767.2,791.4,790.1
W,6/19/13,520,616.2,693.6,710.7,728.7,735.7,757.4,765.2
T,6/18/13,534.6,617.9,701.8,721.3,738.5,741.1,764.1,770.9
M,6/17/13,531.1,616.8,685.2,709,728,730.9,753.1,757.3
,,,,,,,,,
F,6/14/13,551.9,629.5,701.5,718.4,733,739.5,755.1,754.1
T,6/13/13,558.1,636.3,709.1,726.2,740.9,747.6,763.6,763.1
W,6/12/13,551.7,628.8,700.8,717.7,732.3,738.9,754.8,753.5
T,6/11/13,553.8,631,703.2,720.3,735,741.7,757.5,756.7
M,6/10/13,533.9,608.2,677.8,694.3,708.5,715,730.4,729.8
,,,,,,,,,
F,6/7/13,545.4,620.6,691.7,708.7,723.3,730,745.8,745.1
T,6/6/13,539.8,614.1,684.5,701.4,715.9,722.4,738.2,737.6
W,6/5/13,545.2,620.1,691.2,708.3,723,729.6,745.5,745.1
T,6/4/13,518.5,589.4,657.1,673.4,687.5,693.8,709,708.3
M,6/3/13,492.5,559.7,624,639.6,653,659.2,673.6,672.9
,,,,,,,,,
F,5/31/13,449.2,533.1,559.6,614.2,616.4,620.4,634.1,638.6
T,5/30/13,456.5,534.7,580.9,647.6,656.1,668.8,680.6,673.8
W,5/29/13,434.3,508.6,552.6,615.9,624,636.2,647.5,640.9
T,5/28/13,456.3,532.3,590.5,646.8,648.2,660,672,673.7
M,5/27/13,452.5,527.9,586,641.9,643.4,655.2,667.2,669
,,,,,,,,,
F,5/24/13,452.5,527.8,586,641.8,643.3,655,666.9,668.7
T,5/23/13,448.3,522.7,580.3,635.6,637,648.5,660.2,661.8
W,5/22/13,438.9,511.6,568,622.2,623.6,635,646.6,648.3
T,5/21/13,452.7,527.6,585.8,641.7,643.2,655,667.1,669.1
M,5/20/13,424.6,494.5,549.1,601.4,602.9,614,625.2,627
,,,,,,,,,
F,5/17/13,441.1,496.4,559.3,611.2,616.9,625,634.6,629.7
T,5/16/13,435.9,490.4,552.6,603.9,609.6,617.6,627.1,622.4
W,5/15/13,444.8,500.2,563.7,616,621.8,630,639.7,634.8
T,5/14/13,437.3,491.6,554,605.5,611.3,619.3,628.9,624.3
M,5/13/13,441.4,496.1,559.1,611,616.8,625,634.7,629.9
,,,,,,,,,
F,5/10/13,441.5,495.9,558.8,610.8,616.7,625,634.8,630.1
T,5/9/13,424.8,476.9,537.4,587.5,593.2,601.2,610.6,606.2
W,5/8/13,414.7,465.4,524.5,573.3,579,586.7,596,591.6
T,5/7/13,410.8,460.9,519.3,567.8,573.5,581.3,590.6,586.4
M,5/6/13,432,480.1,536.3,583.3,586.1,594.3,597.9,594.8
,,,,,,,,,
F,5/3/13,445.8,481.2,545.2,588.9,597.5,601,603,601.3
T,5/2/13,449.8,486.2,541.5,568.3,581.9,590,589.8,588.1
W,5/1/13,443.3,479,533.4,559.9,573.3,581.3,581.2,579.6
T,4/30/13,444.9,480.6,535.2,561.8,575.3,583.3,583.2,581.6
M,4/29/13,453.8,490.2,545.9,573.1,586.8,595,594.8,593
,,,,,,,,,
F,4/26/13,450.2,486,541.2,568.1,581.8,590,589.9,588.4
T,4/25/13,450.3,486.1,541.2,568.1,581.8,590,589.9,588.2
W,4/24/13,450.3,486,541,568,581.8,590,590,588.6
T,4/23/13,442.7,477.7,531.8,558.4,571.9,580,580,578.5
M,4/22/13,458.1,494.2,550.2,577.6,591.6,600,600,598.5
,,,,,,,,,
F,4/19/13,455.5,491.1,546.7,574,588,596.4,596.5,595.1
T,4/18/13,455.1,490.8,543,571.7,586.2,595,596.3,596.6
W,4/17/13,447.9,482.9,534.3,562.6,576.8,585.5,586.9,587.3
T,4/16/13,456.9,492.6,545,573.8,588.3,597.2,598.5,598.9
M,4/15/13,443.9,478.5,529.4,557.3,571.5,580.2,581.5,582
,,,,,,,,,
F,4/12/13,445.5,480,531,559.2,573.5,582.3,583.7,584.3
T,4/11/13,524.5,565,625,658,674.8,685,686.6,687.1
W,4/10/13,450.4,485,536.5,564.9,579.3,588.1,589.5,590
T,4/9/13,453.5,488.3,540.1,568.7,583.3,592.2,593.7,594.2
M,4/8/13,489.3,526.7,582.6,613.5,629.1,638.6,640,640.3
,,,,,,,,,
F,4/5/13,501.9,540.1,597.3,629,645.2,655,656.7,657.2
T,4/4/13,509.7,548.4,606.4,638.6,655,665,666.7,667.3
W,4/3/13,531.3,571.5,632,665.5,685.4,698.1,712.8,723.6
T,4/2/13,536.3,576.4,637.5,671.7,692.1,705,720,731.2
M,4/1/13,531.2,571.1,631.4,665.1,685.1,697.8,712.5,723.4
,,,,,,,,,
F,3/29/13,528.3,575.4,634.5,666.5,686.3,697.9,711.9,721.8
T,3/28/13,529.6,575.9,632.9,665.7,686,698.1,711.8,721.7
W,3/27/13,524.7,570.5,626.9,659.4,679.6,691.7,705.3,715.2
T,3/26/13,504.6,548.5,602.8,634,653.4,665,678.1,687.6
M,3/25/13,509.1,553.3,608,639.5,659,670.7,683.9,693.3
,,,,,,,,,
F,3/22/13,501.7,545,598.8,629.8,649.2,660.8,674.1,683.8
T,3/21/13,501.2,544.3,598.1,629.1,648.4,660,673,682.4
W,3/20/13,503.1,546.3,600.2,631.4,650.8,662.5,675.5,684.9
T,3/19/13,491.1,543.6,597.6,627.1,644.8,655,666.3,674.3
M,3/18/13,506.1,560.1,615.7,646.2,664.4,675,686.8,695.1
,,,,,,,,,
F,3/15/13,482.6,533.7,586.6,615.7,633.1,643.3,654.5,662.6
T,3/14/13,483,534.1,587.2,616.3,633.7,643.8,655.2,663.3
W,3/13/13,485.4,536.5,589.8,619.1,636.6,646.6,657.7,665.7
T,3/12/13,480.1,530.5,583.2,612.2,629.6,639.7,650.9,658.9
M,3/11/13,477.6,527.6,580.1,608.9,626.2,636.3,647.4,655.3
,,,,,,,,,
F,3/8/13,469.3,518.1,569.6,598,615.1,625,636.1,644.1
T,3/7/13,284.5,385.7,498.3,562.9,602.1,625,638.9,650.2
W,3/6/13,287.7,389.8,503.6,568.9,608.5,631.6,645.5,656.3
T,3/5/13,289,391.2,505.6,571.2,611.1,634.4,648.4,659.4
M,3/4/13,284.1,384.3,496.7,561.3,600.5,623.4,637.3,648.1
,,,,,,,,,
F,3/1/13,282.8,381.8,493.6,558,597.1,620,633.9,644.7
T,2/28/13,280.7,378.7,489.6,553.4,592.3,615,628.7,639.5
W,2/27/13,278.4,375.3,485.4,548.8,587.4,610,623.7,634.5
T,2/26/13,278.5,375.2,485.3,548.8,587.4,610,623.8,634.5
M,2/25/13,278.6,375.1,485.2,548.7,587.3,610,623.9,634.7
,,,,,,,,,
F,2/22/13,278.5,374.3,484.2,547.7,586.4,609.2,623.1,634
T,2/21/13,274.4,368.5,476.8,539.4,577.6,600,613.7,624.4
W,2/20/13,246.2,330.4,427.5,483.8,518,538.2,550.6,560.5
T,2/19/13,250.8,336.4,435.3,492.6,527.6,548.2,561.1,571.2
M,2/18/13,246.6,330.5,427.7,484,518.4,538.7,551.2,561.1
,,,,,,,,,
F,2/15/13,246.3,331.6,427.1,484.5,517.4,537.9,550,559.3
T,2/14/13,254.2,342,440.7,500,533.9,555,567.5,577
W,2/13/13,254.2,341.9,440.5,499.9,533.8,555,567.6,577.2
T,2/12/13,248.6,334.1,430.5,488.5,521.8,542.6,555,564.5
M,2/11/13,252,338.4,436.2,495.1,528.9,550,562.7,572.5
,,,,,,,,,
F,2/8/13,249.9,335.1,431.9,490.4,524,545,557.7,567.4
T,2/7/13,241.7,323.8,417.4,474,506.4,526.7,539,548.3
W,2/6/13,245.9,329.2,424.5,482,515.1,535.8,548.3,557.9
T,2/5/13,237.2,317.3,409.1,464.7,496.6,516.6,528.7,537.9
M,2/4/13,242.6,324.4,418.3,475.1,507.8,528.2,540.7,550.3
,,,,,,,,,
F,2/1/13,252.9,337.5,435.3,494.6,528.6,550,563,572.8
T,1/31/13,241.7,322.4,415.8,472.6,505.2,525.7,538.2,547.7
W,1/30/13,233.2,310.8,400.9,455.6,487.1,506.9,518.9,528.2
T,1/29/13,221.4,295,380.4,432.4,462.3,481.1,492.7,501.6
M,1/28/13,211.7,281.9,363.6,413.3,442,460,471,479.6
,,,,,,,,,
F,1/25/13,203.8,270.8,349.4,397.4,425.1,442.5,453.2,461.5
T,1/24/13,205,272.3,351.3,399.6,427.4,445,455.9,464.3
W,1/23/13,202.8,269.1,347.3,395,422.6,440,450.7,459.1
T,1/22/13,202.8,269,347.1,394.8,422.4,439.8,450.7,459.1
M,1/21/13,203.6,270,348.4,396.3,424.1,441.6,452.5,461
,,,,,,,,,
F,1/18/13,205.5,271,349,396.8,425.6,442.9,454.2,462.9
T,1/17/13,205.7,271,349.1,397,425.8,443.2,454.4,463.1
W,1/16/13,207.5,273.3,352.1,400.4,429.5,447,458.4,467.3
T,1/15/13,215.1,283.2,364.8,414.9,445,463.2,475.1,484.4
M,1/14/13,216.7,285.1,367.3,417.8,448.1,466.5,478.4,487.7
,,,,,,,,,
F,1/11/13,215.5,283,364.6,414.9,445.1,463.4,475.4,484.6
T,1/10/13,218.6,286.9,369.7,420.7,451.5,470,482.2,491.6
W,1/9/13,221.8,291,375,426.7,457.9,476.8,489.2,498.8
T,1/8/13,227.3,297.9,384,437,468.9,488.3,501,510.8
M,1/7/13,222.7,291.8,376,428,459.3,478.2,490.8,500.4
,,,,,,,,,
F,1/4/13,235.4,307.9,396.8,451.8,484.9,505,518.3,528.6
T,1/3/13,237.1,309.9,399.5,454.9,488.4,508.7,522.1,532.4
W,1/2/13,247.2,323.1,416.5,474.2,509.1,530.2,544.3,555
T,1/1/13,237.8,310.6,400.4,456,489.5,509.8,523.4,534
M,12/31/12,237.9,310.6,400.4,456,489.6,510,523.6,534.2
,,,,,,,,,
F,12/28/12,235.5,307.1,396.1,451.3,484.7,504.9,518.7,529.6
T,12/27/12,196.3,254.1,353.3,422.5,467.7,495.1,505.1,511.9
W,12/26/12,193.1,249.9,349.4,418.6,463.5,490.8,502.7,510.2
T,12/25/12,193.1,249.8,349.3,418.4,463.3,490.6,502.5,509.9
M,12/24/12,193.1,249.8,349.3,418.4,463.3,490.6,502.4,509.7
,,,,,,,,,
F,12/21/12,192.4,247.6,349.1,417.9,462.8,490,502.2,510.2
T,12/20/12,198,254.7,359,429.7,476,504,516.5,524.6
W,12/19/12,193.6,257.1,360.6,428.8,473.5,500,510.8,517.5
T,12/18/12,191.7,254.4,356.8,424.5,468.7,495,505.7,512.4
M,12/17/12,191.8,254.3,356.7,424.4,468.7,495,505.7,512.2
,,,,,,,,,
F,12/14/12,188.4,249.3,349.6,416.1,459.8,485.7,496.4,502.9
T,12/13/12,148,195.7,307.1,385.9,442.2,475.8,494.3,506.4
W,12/12/12,148.9,196.8,308.7,387.9,444.6,478.4,497,509.2
T,12/11/12,147.9,195.3,306.4,385.1,441.4,475,493.6,505.8
M,12/10/12,147.4,194.5,305.3,383.7,439.9,473.4,492,504.3
,,,,,,,,,
F,12/7/12,138.5,182.4,286.2,359.8,412.7,444.2,461.8,473.4
T,12/6/12,140.3,184.7,289.8,364.5,418,450,467.9,479.7
W,12/5/12,132.4,174.1,273.1,343.5,394,424.2,441,451.9
T,12/4/12,130.2,171.2,268.5,337.7,387.4,417,433.8,444.8
M,12/3/12,125.4,164.8,258.5,325.1,373.1,401.7,417.8,428.4
,,,,,,,,,
F,11/30/12,122.2,160.3,251.3,316.3,363,391,406.8,417.2
T,11/29/12,122,159.9,250.6,315.5,362.1,390,405.8,416.1
W,11/28/12,133.9,175.4,288.2,329.5,373.6,400,418.4,430.8
T,11/27/12,135.6,177.4,291.5,333.4,378.2,405,423.8,436.7
M,11/26/12,137.7,180.1,296,338.5,384,411.2,430.4,443.5
,,,,,,,,,
F,11/23/12,130.6,170.5,280,320.5,363.6,389.5,407.8,420.3
T,11/22/12,129.1,168.5,276.7,316.7,359.4,385,402.9,415.1
W,11/21/12,133.4,173.9,285.6,327,371,397.5,416.2,428.9
T,11/20/12,137.5,179.3,294.3,337.1,382.6,409.9,429.2,442.4
M,11/19/12,141.7,184.5,302.9,346.9,393.8,421.9,441.8,455.1
,,,,,,,,,
F,11/16/12,145.6,189.3,310.7,356.1,404.3,433.2,453.8,467.8
T,11/15/12,137.9,179.2,294,337,382.6,410.1,429.5,442.8
W,11/14/12,136.9,177.8,291.8,334.5,379.8,407.1,426.5,439.8
T,11/13/12,139.6,181.2,297.2,340.8,387,414.9,434.6,448.3
M,11/12/12,141.4,183.4,300.8,345,391.8,420,440,453.8
,,,,,,,,,
F,11/9/12,140.3,181.6,297.9,341.7,388.2,416.3,436.2,449.9
T,11/8/12,139.3,180.3,295.7,339.2,385.4,413.2,433.1,446.9
W,11/7/12,138.6,179.2,293.8,337.1,383,410.7,430.5,444.1
T,11/6/12,142.5,184.2,302,346.7,394,422.5,443.1,457.4
M,11/5/12,141,182.1,298.5,342.7,389.4,417.6,437.7,451.5
,,,,,,,,,
F,11/2/12,140.9,181.8,297.8,342,388.8,417,437.2,451.1
T,11/1/12,138.8,179,293.3,336.8,382.9,410.7,430.7,444.6
W,10/31/12,139.4,179.6,294.1,337.9,384.2,412.2,432.4,446.4
T,10/30/12,157.8,203.2,315.1,357.8,394.4,416.6,430.6,440.1
M,10/29/12,158.8,204.4,316.9,359.9,396.8,419.1,433.2,442.8
,,,,,,,,,
F,10/26/12,158.7,204,316.1,359.1,396,418.3,432.5,442.1
T,10/25/12,158.8,203.9,316,359,395.9,418.2,432.5,442.1
W,10/24/12,158.5,203.5,315.3,358.3,395.2,417.5,431.7,441.4
T,10/23/12,159,203.9,315.9,359.1,396,418.4,432.7,442.3
M,10/22/12,155.6,199.5,309,351.3,387.5,409.5,423.6,433.2
,,,,,,,,,
F,10/19/12,154.1,197.3,305.6,347.5,383.4,405.2,419.1,428.6
T,10/18/12,153.5,196.4,304.1,345.9,381.7,403.3,417.2,426.5
W,10/17/12,155.2,198.4,307.3,349.6,385.8,407.7,421.8,431.5
T,10/16/12,160.5,205.1,317.6,361.4,398.8,421.6,436.3,446.4
M,10/15/12,161.8,206.7,320,364.2,402,425,439.9,450
,,,,,,,,,
F,10/12/12,165.2,210.8,326.1,371.3,409.9,433.4,448.7,459
T,10/11/12,164.8,210.1,325.1,370.1,408.7,432.1,447.4,457.8
W,10/10/12,165.4,210.7,326,371.2,409.9,433.5,448.8,459.3
T,10/9/12,164.4,209.4,324,369,407.5,430.9,446.1,456.4
M,10/8/12,163.5,208.2,322,366.8,405,428.3,443.4,453.8
,,,,,,,,,
F,10/5/12,162.4,206.4,319.1,363.7,401.8,425,440.2,450.6
T,10/4/12,163,207.1,320.2,364.9,403.2,426.5,441.8,452.3
W,10/3/12,165.6,210.3,325.1,370.6,409.5,433.2,448.7,459.4
T,10/2/12,167.3,212.4,328.3,374.2,413.5,437.5,453.2,464
M,10/1/12,173,219.4,339.1,386.6,427.3,452.1,468.3,479.5
,,,,,,,,,
F,9/28/12,170.9,216.4,334.3,381.3,421.5,446,462.1,472.7
T,9/27/12,174.6,221.1,341.5,389.5,430.5,455.6,472.2,483.6
W,9/26/12,213,269.5,375.9,418.1,438.8,453.2,470.8,482.9
T,9/25/12,208.7,264,368.2,409.6,429.9,444,461.3,473.3
M,9/24/12,208.1,263,366.9,408.2,428.4,442.5,459.7,471.5
,,,,,,,,,
F,9/21/12,199.3,251.6,350.9,390.5,409.9,423.5,440.1,451.5
T,9/20/12,199.6,251.8,351.2,391,410.5,424.1,440.7,452.3
W,9/19/12,189.1,251.4,350.9,385.9,402,413.1,426.7,435.7
T,9/18/12,188.1,249.9,348.8,383.6,399.5,410.6,424,433.1
M,9/17/12,184.8,245.3,342.4,376.7,392.4,403.3,416.5,425
,,,,,,,,,
F,9/14/12,183.4,243,339.1,373.2,389,399.9,413.2,422.1
T,9/13/12,189.7,251.2,350.6,385.9,402.2,413.5,427.2,436.3
W,9/12/12,186.1,246.2,343.7,378.4,394.3,405.4,418.9,428
T,9/11/12,186.7,246.8,344.5,379.4,395.4,406.6,420.1,429.1
M,9/10/12,198.9,262.8,366.9,404,421.2,433.1,447.5,457.1
,,,,,,,,,
F,9/7/12,203.2,268,374.1,412.1,429.7,442,456.8,466.6
T,9/6/12,213.8,281.8,393.4,433.5,452.1,465,480.6,491.2
W,9/5/12,218.5,287.8,401.8,442.8,461.8,475.1,491.1,501.8
T,9/4/12,223.3,293.8,410.3,452.2,471.6,485.2,501.4,512
M,9/3/12,223,293.3,409.5,451.5,470.9,484.5,500.9,511.9
,,,,,,,,,
F,8/31/12,222.8,296,412.1,453.4,471.8,485,501.2,512.2
T,8/30/12,248.1,329.4,428.6,463.7,479.7,490.8,507.7,517.2
W,8/29/12,249,330.5,430,465.3,481.4,492.6,509.6,519
T,8/28/12,269.1,356.8,436.7,465,478.2,487,504.5,512.2
M,8/27/12,275.9,365.6,447.8,476.8,490.4,499.5,517.4,525.4
,,,,,,,,,
F,8/24/12,280.2,367.8,449.5,477.9,492.3,500.9,519,526.2
T,8/23/12,275.6,361.5,441.9,469.8,484,492.5,510.4,517.8
W,8/22/12,278,364.4,445.5,473.7,488,496.6,514.6,522.1
T,8/21/12,293,383.9,469.4,499.2,514.4,523.4,542.5,550.3
M,8/20/12,308.4,403.8,493.7,525.2,541.1,550.7,570.7,578.8
,,,,,,,,,
F,8/17/12,308.1,402.7,492.5,524,540.1,549.7,569.8,578
T,8/16/12,318.8,416.4,509.3,542,558.5,568.5,589.1,597.4
W,8/15/12,318.3,415.4,508.2,540.9,557.5,567.5,588.2,596.7
T,8/14/12,319.8,417.1,510.4,543.2,559.9,570,590.9,599.4
M,8/13/12,319.9,417,510.2,543.2,559.9,570,591,599.5
,,,,,,,,,
F,8/10/12,320.1,416.6,509.8,542.9,559.8,570,591.1,599.8
T,8/9/12,318.4,414.1,506.9,539.8,556.5,566.6,587.3,595.4
W,8/8/12,317.6,412.8,505.4,538.3,555,565,585.7,594
T,8/7/12,317.4,412.3,504.8,537.7,554.4,564.5,585.3,593.8
M,8/6/12,313.7,407.4,498.8,531.4,548.1,558.2,579,587.7
,,,,,,,,,
F,8/3/12,323.8,419.8,514.1,547.9,565.3,575.7,597.3,606.3
T,8/2/12,330.1,427.6,523.7,558.3,576,586.7,608.7,617.7
W,8/1/12,331.8,429.6,526.2,561,578.9,589.7,611.9,621.2
T,7/31/12,333.3,431.3,528.3,563.4,581.4,592.2,614.6,623.9
M,7/30/12,338.4,437.6,536,571.5,589.8,600.8,623.3,632.5
,,,,,,,,,
F,7/27/12,340.6,439.7,538.8,574.7,593.2,604.4,627.2,636.7
T,7/26/12,342.5,442,541.6,577.8,596.4,607.7,630.7,640.3
W,7/25/12,344.2,443.9,544,580.4,599.2,610.6,633.9,643.8
T,7/24/12,343.7,443.1,543,579.4,598.2,609.6,632.8,642.7
M,7/23/12,343.1,442,541.7,578.1,596.9,608.3,631.4,641.1
,,,,,,,,,
F,7/20/12,338.8,435.8,534.2,570.3,588.8,600,622.4,631.4
T,7/19/12,334.6,430.2,527.4,563.1,581.5,592.6,615.3,625
W,7/18/12,337,433,530.8,566.7,585.2,596.4,618.8,627.8
T,7/17/12,333.2,428,524.8,560.4,578.8,590,612.7,622.4
M,7/16/12,339.3,435.5,534,570.3,589.1,600.5,623.5,633.3
,,,,,,,,,
F,7/13/12,336.9,431.8,529.6,565.7,584.3,595.6,618.4,627.6
T,7/12/12,340.9,436.7,535.5,572.1,591,602.6,625.8,635.6
W,7/11/12,341.3,437,535.9,572.6,591.6,603.2,626.5,636.4
T,7/10/12,331.8,424.6,520.7,556.4,575,586.3,608.9,618.6
M,7/9/12,345.3,441.6,541.6,578.8,598.2,610,633.6,643.6
,,,,,,,,,
F,7/6/12,337.4,430.9,528.6,565,584,595.6,618.7,628.5
T,7/5/12,338.3,431.8,529.8,566.4,585.4,597,620.2,630.3
W,7/4/12,340,433.8,532.2,569.1,588.3,600,623.4,633.5
T,7/3/12,340.2,433.8,532.2,569,588.3,600,623.5,633.6
M,7/2/12,344.3,438.9,538.4,575.8,595.3,607.2,630.8,641
F,6/29/12,354.6,451.3,553.7,592.4,612.6,625,649.5,660.2
T,6/28/12,363.6,462.5,567.6,607.2,627.9,640.5,665.5,676.3
W,6/27/12,414,526.4,599.4,626.8,641.2,650,670.6,678.4
T,6/26/12,436.8,555,634.5,669.7,688.4,697.6,719.2,727.2
M,6/25/12,410.8,521.8,603.9,656.2,684.8,692.8,713,720
,,,,,,,,,
F,6/22/12,429.1,544.2,630,684.6,714.6,723.1,744.1,751.2
T,6/21/12,424.4,538,622.8,676.9,706.6,715,735.9,742.9
W,6/20/12,403.1,510.7,591.4,642.8,671,679,699,706
T,6/19/12,383.5,510.6,584.6,631,655.1,660,676.3,680.6
M,6/18/12,381.7,507.7,581.4,627.8,651.7,656.7,673,677.5
,,,,,,,,,
F,6/15/12,381.1,505.9,579.6,625.9,649.9,655,671.4,675.9
T,6/14/12,365.6,485,555.9,600.3,623.4,628.3,644,648
W,6/13/12,357.9,474.5,543.9,587.5,610.1,615,630.5,634.7
T,6/12/12,357.9,474.2,543.7,587.4,610.1,615,630.6,634.9
M,6/11/12,360,476.6,546.6,590.5,613.4,618.3,633.9,638.2
,,,,,,,,,
F,6/8/12,366.1,483.8,555.1,599.9,623.2,628.3,644.3,648.7
T,6/7/12,367.8,485.7,557.3,602.4,625.8,630.9,646.9,651.3
W,6/6/12,375.4,495.6,569,615,639,644.2,660.7,665.3
T,6/5/12,378.5,501.2,574,621.4,645,650.2,666.8,671.6
M,6/4/12,374,493.3,569.6,614.5,640.8,652.4,661.4,665.3
,,,,,,,,,
F,6/1/12,367.9,476,564.7,608.2,636.5,648.9,660.5,665.3
T,5/31/12,358.6,463.6,550.1,592.6,620.2,632.3,643.5,648.2
W,5/30/12,354.3,457.8,543.2,585.2,612.5,624.4,635.4,640.1
T,5/29/12,350.9,453.1,537.8,579.5,606.6,618.4,629.4,634
M,5/28/12,349.5,451,535.4,576.9,603.9,615.7,626.8,631.5
,,,,,,,,,
F,5/25/12,345.2,446.8,533.3,576.4,606.5,617.7,630.2,635.8
T,5/24/12,349.1,451.5,539,582.5,613,624.2,636.9,642.6
W,5/23/12,348.4,450.4,537.7,581.3,611.8,623.1,635.9,641.8
T,5/22/12,348.7,450.5,537.9,581.5,612,623.4,636.2,642
M,5/21/12,359.8,464.6,554.8,599.7,631.2,642.9,656,661.9
,,,,,,,,,
F,5/18/12,366.8,472.8,564.8,610.8,643,655,668.5,674.7
T,5/17/12,364.1,469.1,560.3,606.1,638,650,663.5,669.6
W,5/16/12,359.9,463.4,553.6,598.8,630.4,642.4,655.8,661.9
T,5/15/12,341.9,439.9,525.6,568.6,598.7,610,622.9,628.9
M,5/14/12,345.1,443.8,530.3,573.7,604.1,615.5,628.4,634.4
,,,,,,,,,
F,5/11/12,343.5,441,527.1,570.5,600.8,612.4,625.5,631.7
T,5/10/12,346.1,444.1,530.9,574.7,605.3,616.8,629.9,636
W,5/9/12,346.9,444.9,531.9,575.8,606.6,618.2,631.3,637.5
T,5/8/12,344.9,441.7,527.7,571.7,602.4,614,627.2,633.4
M,5/7/12,342,435.5,523.7,567.2,596.9,608.9,622,627.9
,,,,,,,,,
F,5/4/12,345.2,434,523.8,566.1,593.7,610.8,619.4,626.4
T,5/3/12,344.9,433.4,523.1,565.3,592.9,610,618.6,625.7
W,5/2/12,342.5,430.1,519.2,561.2,588.6,605.6,614.2,621.4
T,5/1/12,344.1,431.9,521.3,563.6,591.2,608.3,617,624.3
M,4/30/12,345.2,433.1,522.8,565.2,592.9,610,618.6,625.8
,,,,,,,,,
F,4/27/12,344.4,431.5,520.9,563.4,591.1,608.3,617.3,624.7
T,4/26/12,345.2,432.3,521.9,564.4,592.2,609.4,618.4,625.7
W,4/25/12,345.6,432.6,522.3,564.9,592.7,610,618.9,626.1
T,4/24/12,347.8,435.1,525.4,568.3,596.3,613.8,622.8,630.2
M,4/23/12,347,433.9,524,566.9,594.8,612.2,621.2,628.6
,,,,,,,,,
F,4/20/12,343.2,428.5,517.5,560,587.7,605,614,621.4
T,4/19/12,354.6,442.6,534.5,578.4,607.1,625,634.4,642.1
W,4/18/12,354.7,442.4,534.4,578.4,607.1,625,634.4,642.3
T,4/17/12,353.8,441.1,532.7,576.6,605.3,623.2,639.8,652.1
M,4/16/12,353.6,440.7,532.3,576.2,604.9,622.8,639.5,651.8
,,,,,,,,,
F,4/13/12,356.4,443.5,535.8,580.1,609.1,627.2,644.1,656.5
T,4/12/12,355.2,441.9,533.8,578,606.8,624.8,641.6,654
W,4/11/12,365.4,454.3,548.9,594.4,624.1,642.6,660,672.9
T,4/10/12,358.1,445.1,538,582.6,611.8,630,647,659.4
M,4/9/12,351.6,436.6,527.3,571.4,600,617.7,633.9,645.8
,,,,,,,,,
F,4/6/12,348.5,433.5,514.4,561.6,592.1,609.6,626.7,639.6
T,4/5/12,348.5,433.3,512.5,559.8,589.8,608,625.6,639.3
W,4/4/12,338,420.1,497,542.9,571.9,589.6,606.5,620.2
T,4/3/12,332.3,412.7,488.4,533.6,562.3,579.8,596.8,610.3
M,4/2/12,326.3,405.2,479.4,523.8,552,569.1,585.8,598.9
,,,,,,,,,
F,3/30/12,321.2,398.2,471.2,515,542.8,559.7,576.2,589.1
T,3/29/12,319.1,395.6,468.1,511.6,539.2,556,572.3,585.2
W,3/28/12,319.7,396.1,468.8,512.4,540.1,557,573.4,586.3
T,3/27/12,318.9,394.9,467.3,510.9,538.5,555.3,571.6,584.5
M,3/26/12,318.2,393.8,466.1,509.5,537,553.9,570.2,583
,,,,,,,,,
F,3/23/12,294.9,384.3,458.3,497,532.8,557.1,581.7,600.5
T,3/22/12,296,385.5,459.8,498.6,534.5,558.8,583.5,602.3
W,3/21/12,290.4,378,451,489.1,524.4,548.3,572.4,590.8
T,3/20/12,290.2,377.6,450.4,488.5,523.7,547.5,571.6,589.8
M,3/19/12,283.9,390.4,460.2,494.3,527.5,549.5,571,587.3
,,,,,,,,,
F,3/16/12,284.3,390.2,460.3,494.5,528,550,571.7,588.1
T,3/15/12,283.7,389,459,493.2,526.6,548.5,570.2,586.6
W,3/14/12,285.6,391.3,461.8,496.3,530,551.9,573.5,590
T,3/13/12,298.4,408.5,482.2,518.3,553.5,572.3,590.4,604.3
M,3/12/12,307.7,421,497.1,534.3,570.6,590,608.6,622.8
,,,,,,,,,
F,3/9/12,312.3,426.4,503.7,541.7,578.6,598.3,617.3,631.9
T,3/8/12,319.5,435.9,515,553.9,591.7,611.9,631.3,646.2
W,3/7/12,319.2,435.1,514.2,553.2,591,611.2,630.7,645.7
T,3/6/12,317.7,432.8,511.6,550.4,588,608.1,627.5,642.5
M,3/5/12,316.5,430.9,509.5,548.2,585.7,605.8,625.2,640.2
,,,,,,,,,
F,3/2/12,319,433.4,512.7,551.8,589.7,610,629.6,644.6
T,3/1/12,320.3,434.9,514.5,553.9,592,612.4,632.1,647.3
W,2/29/12,320.8,435.1,514.9,554.3,592.5,613,632.8,648.1
T,2/28/12,318.9,432.3,511.6,550.9,588.8,609.2,628.8,644
M,2/27/12,316.8,429.1,508,547.1,584.7,605,624.6,639.8
,,,,,,,,,
F,2/24/12,317.4,429.1,508.2,547.5,585.3,605.7,625.4,640.5
T,2/23/12,319.1,431.1,510.7,550.2,588.3,608.8,628.7,644
W,2/22/12,320.9,433.3,513.4,553.2,591.4,612,631.9,647.2
T,2/21/12,324.8,438.2,519.2,559.5,598.3,619.1,639.2,654.8
M,2/20/12,330.4,445.5,528,569.1,608.6,629.9,650.7,666.7
,,,,,,,,,
F,2/17/12,334.5,452,531.4,573.9,613.7,635,657.2,673.3
T,2/16/12,334.6,451.8,531.3,574,613.8,635.2,657.4,673.5
W,2/15/12,329.4,444.5,522.8,564.8,604,625,647,662.9
T,2/14/12,330.2,445.3,523.8,565.9,605.3,626.3,648.3,664.1
M,2/13/12,330.3,445,523.6,565.8,605.2,626.3,648.4,664.3
,,,,,,,,,
F,2/10/12,327.6,440.6,518.6,560.6,599.7,620.7,642.6,658.5
T,2/9/12,320.6,430.8,507.2,548.3,586.6,607.1,628.5,643.9
W,2/8/12,306.7,411.9,485,524.4,561.1,580.8,601.4,616.4
T,2/7/12,298.6,400.7,472,510.3,546.1,565.3,585.5,600.1
M,2/6/12,295.7,396.7,467.3,505.4,540.9,560,580.1,594.7
,,,,,,,,,
F,2/3/12,296,396.3,467,505.2,540.8,560,580.2,594.9
T,2/2/12,298.4,399.3,470.6,509.2,545.1,564.5,584.9,599.8
W,2/1/12,299.8,400.9,472.5,511.3,547.3,566.8,587.3,602.2
T,1/31/12,304.7,407.2,480,519.5,556.2,576.1,596.9,612
M,1/30/12,323.7,432.3,509.7,540.6,559.9,571,582.1,590.3
,,,,,,,,,
F,1/27/12,317.7,423.5,499.5,530,549.1,560,570.9,579.1
T,1/26/12,314.1,418.4,493.6,523.7,542.6,553.4,564.3,572.4
W,1/25/12,323.4,430.6,508,539.1,558.5,569.7,580.9,589.2
T,1/24/12,327,435.1,513.4,544.8,564.5,575.9,587.2,595.8
M,1/23/12,327.7,435.9,514.3,545.9,565.7,577.1,588.4,597
,,,,,,,,,
F,1/20/12,332.5,441.4,521,553.2,573.4,585,596.7,605.5
T,1/19/12,334.9,444.3,524.6,557.1,577.4,589.2,601,609.9
W,1/18/12,335.5,444.8,525.3,557.8,578.2,590,601.8,610.6
T,1/17/12,341.2,452.1,533.9,567.1,588,600,612.2,621.4
M,1/16/12,355.5,470.9,556.1,590.8,612.5,625,637.6,646.9
,,,,,,,,,
F,1/13/12,355.3,469.7,554.9,589.6,611.4,623.9,636.5,645.8
T,1/12/12,366.8,484.7,572.7,608.6,631,644,657,666.7
W,1/11/12,365.5,482.7,570.4,606.2,628.6,641.6,654.6,664.3
T,1/10/12,371.2,489.9,579,615.4,638.2,651.3,664.6,674.5
M,1/9/12,372.5,491.3,580.9,617.2,640.1,653.3,666.7,676.6
,,,,,,,,,
F,1/6/12,370.6,488.9,577.8,613.5,635.9,649.2,662.4,672.4
T,1/5/12,371.3,489.5,578.5,614.3,636.7,650,663.2,673.1
W,1/4/12,367.1,483.8,571.8,607.3,629.5,642.6,655.8,665.6
T,1/3/12,367.1,483.1,570.9,606.7,629,642.3,655.4,665.2
M,1/2/12,365.6,481.2,568.9,604.3,626.5,639.6,652.7,662.5
F,12/30/11,365.6,481.3,568.9,604.4,626.6,639.7,652.9,662.8
T,12/29/11,319.3,421.4,526.4,574.7,611.4,632.8,651.3,665.1
W,12/28/11,319.8,420.2,525,572.8,610.3,632,650.3,664.5
T,12/27/11,319.7,420.4,525.7,572.9,610.4,632.3,650.9,665.5
M,12/26/11,319.7,420.5,525.8,573,610.6,632.5,651.1,665.7
,,,,,,,,,
F,12/23/11,319.7,420.5,525.9,573.1,610.6,632.6,651.2,665.8
T,12/22/11,319.1,420.7,525.9,573.3,610.6,632.5,651.5,666.1
W,12/21/11,318.1,421.1,526.3,574.2,610.3,632.5,651.4,666.2
T,12/20/11,317,421.6,530,576.3,612.9,635,653.5,668.3
M,12/19/11,314.9,445.8,553.6,594.8,628,647.7,662.7,674.7
,,,,,,,,,
F,12/16/11,291.9,412.4,512.3,550.7,581.6,600,614,625.3
T,12/15/11,296.9,419.1,520.8,559.9,591.3,610,624.3,635.6
W,12/14/11,296.8,418.6,520.3,559.5,591,609.7,624,635.5
T,12/13/11,286.1,403.2,501.3,539.2,569.6,587.6,601.5,612.8
M,12/12/11,275.6,388,482.5,519.1,548.4,565.8,579.2,590
,,,,,,,,,
F,12/9/11,276.5,388.4,483.3,520.1,549.6,567.1,580.7,591.6
T,12/8/11,268.6,377.1,469.3,505.1,533.8,550.8,564.1,574.8
W,12/7/11,256.4,359.6,447.6,481.9,509.3,525.6,538.3,548.6
T,12/6/11,258,361.6,450.1,484.7,512.3,528.7,541.5,552
M,12/5/11,253.8,355.5,442.6,476.6,503.8,520,532.6,542.7
,,,,,,,,,
F,12/2/11,254,355,442.2,476.4,503.7,520,532.8,543.1
T,12/1/11,254.1,354.9,442.1,476.4,503.7,520,532.8,543
W,11/30/11,258.3,360.4,449,483.9,511.7,528.3,541.2,551.7
T,11/29/11,266.6,371.7,463.2,499.2,527.8,545,558.5,569.3
M,11/28/11,266.3,371.1,462.6,498.6,527.3,544.4,557.9,568.8
,,,,,,,,,
F,11/25/11,275.6,383.2,477.9,515.3,545.1,563,577.1,588.5
T,11/24/11,271.8,377.6,471,508,537.4,555,569,580.4
W,11/23/11,264.5,367.3,458.1,494.2,522.8,540,553.6,564.5
T,11/22/11,267.1,370.5,462.3,498.7,527.6,545,558.8,570
M,11/21/11,258.6,358.5,447.3,482.6,510.7,527.6,541,551.8
,,,,,,,,,
F,11/18/11,231.8,320.6,400.3,432.1,457.3,472.5,484.6,494.4
T,11/17/11,235.3,325.2,406.1,438.4,464,479.4,491.6,501.6
W,11/16/11,232.8,321.6,401.6,433.6,459,474.3,486.5,496.5
T,11/15/11,230.8,318.5,397.8,429.6,454.8,470,482.1,491.9
M,11/14/11,221.1,305,380.9,411.3,435.4,450,461.7,471.2
,,,,,,,,,
F,11/11/11,220.2,303.1,378.8,409.3,433.4,448,459.6,469.1
T,11/10/11,225.2,309.8,387.2,418.5,443.2,458,469.9,479.6
W,11/9/11,221.6,304.6,380.8,411.6,436,450.6,462.4,472
T,11/8/11,216.5,297.4,371.9,402,425.9,440.3,451.8,461
M,11/7/11,214,293.7,367.3,397.1,420.7,435,446.4,455.5
,,,,,,,,,
F,11/4/11,213.1,292,365.3,395.1,418.7,432.9,444.3,453.5
T,11/3/11,212.1,290.4,363.3,393,416.5,430.7,442,451.2
W,11/2/11,215.4,294.7,368.7,398.9,422.8,437.2,448.8,458.1
T,11/1/11,216.8,296.5,371,401.4,425.5,440,451.7,461
M,10/31/11,205.6,281,351.7,380.5,403.3,417,428.1,437
,,,,,,,,,
F,10/28/11,202.4,276,345.5,374,396.4,410,420.9,429.7
T,10/27/11,201.6,274.7,344,372.4,394.8,408.3,419.3,428.1
W,10/26/11,212.7,289.7,362.7,392.7,416.4,430.7,442.3,451.6
T,10/25/11,212.4,289.1,362.1,392.1,415.7,430,441.6,450.8
M,10/24/11,213.2,290.1,363.2,393.4,417.1,431.5,443.2,452.5
,,,,,,,,,
F,10/21/11,222.5,302.2,378.5,410.1,434.9,450,462.2,472
T,10/20/11,234.2,234.2,293.9,337.7,404.3,444,469.1,491
W,10/19/11,235.2,235.2,295,339,405.8,445.7,470.9,493
T,10/18/11,237.5,237.5,297.9,342.3,409.7,450,475.4,497.7
M,10/17/11,234.4,234.4,293.9,337.8,404.2,444,469,491
,,,,,,,,,
F,10/14/11,240.4,240.4,301.2,346.1,414.2,455,480.8,503.4
T,10/13/11,240.3,240.3,301,345.9,413.8,454.5,480.3,502.9
W,10/12/11,242.6,242.6,303.8,349.1,417.7,458.8,484.8,507.7
T,10/11/11,252.4,252.4,316,363,434.4,477.2,504.3,528.1
M,10/10/11,246,246,307.9,353.7,423.3,465,491.4,514.7
,,,,,,,,,
F,10/7/11,243.4,243.4,304.5,349.8,418.6,460,486.3,509.5
T,10/6/11,245.6,245.6,307.1,352.9,422.3,464.1,490.6,514.1
W,10/5/11,249,249,311.3,357.7,428.2,470.6,497.6,521.5
T,10/4/11,253.6,253.6,317,364.2,436,479.2,506.7,531.1
M,10/3/11,256.8,256.8,320.9,368.7,441.3,485,512.8,537.2
,,,,,,,,,
F,9/30/11,250.4,250.4,312.6,359.2,429.9,472.4,499.5,523.4
T,9/29/11,248.2,248.2,309.8,356,426.1,468.3,495.2,518.9
W,9/28/11,253.8,253.8,316.7,363.9,435.5,478.7,506.2,530.4
T,9/27/11,257.8,257.8,321.6,369.6,442.3,486.2,514.2,538.9
M,9/26/11,268.4,268.4,334.8,384.7,460.5,506.2,535.4,561
,,,,,,,,,
F,9/23/11,259.4,259.4,323.3,371.5,444.8,489,517.4,542.5
T,9/22/11,249.2,249.2,310.6,356.8,427.1,469.6,496.8,520.8
W,9/21/11,234.5,234.5,292.2,335.8,401.9,441.9,467.5,490.1
T,9/20/11,230.9,230.9,287.7,330.5,395.6,435,460.3,482.6
M,9/19/11,222.7,222.7,284.3,326.9,391.9,430,452.8,472.8
,,,,,,,,,
F,9/16/11,215.4,215.4,274.7,315.9,378.8,415.6,437.8,457.3
T,9/15/11,218.8,218.8,278.9,320.7,384.5,422,444.5,464.4
W,9/14/11,221.4,221.4,282.1,324.4,388.9,426.8,449.5,469.6
T,9/13/11,218.2,218.2,278,319.6,383.2,420.6,443,462.9
M,9/12/11,218.5,218.5,278.3,320.1,383.8,421.2,443.8,463.8
,,,,,,,,,
F,9/9/11,207.2,207.2,263.6,303.2,363.5,399,420.5,439.5
T,9/8/11,205.7,205.7,261.7,300.9,360.7,396,417.2,436.1
W,9/7/11,210.4,210.4,267.6,307.8,369,405,426.8,446.1
T,9/6/11,213.1,213.1,270.9,311.5,373.5,410,432.1,451.7
M,9/5/11,212.1,212.1,269.6,310,371.7,408,430,449.6
,,,,,,,,,
F,9/2/11,208.1,208.1,264.3,304,364.4,400,421.6,440.7
T,9/1/11,203,203,257.8,296.4,355.3,390,411.1,429.6
W,8/31/11,203.5,203.5,258.3,297,356,390.7,411.9,430.6
T,8/30/11,210.5,210.5,267.1,307.2,368.2,404.2,426,445.3
M,8/29/11,217.2,217.2,275.5,316.8,379.7,416.8,439.4,459.3
,,,,,,,,,
F,8/26/11,217.4,217.4,275.7,317.2,380.2,417.8,440.4,460.4
T,8/25/11,218.6,218.6,277.1,318.9,382.1,420,442.7,462.8
W,8/24/11,217,217,274.9,316.3,379.1,416.7,439.3,459.4
T,8/23/11,206.2,206.2,261.2,300.6,360.3,396.1,417.7,436.9
M,8/22/11,197.8,197.8,250.5,288.3,345.6,380,400.7,419.3
,,,,,,,,,
F,8/19/11,194.8,194.8,246.6,283.7,340.2,374.1,394.5,412.9
T,8/18/11,189.3,189.3,239.5,275.6,330.4,363.4,383.2,401
W,8/17/11,185,185,234,269.3,322.8,355,374.4,391.8
T,8/16/11,196.2,196.2,248.1,285.5,342.1,376.2,396.7,415
M,8/15/11,194.8,194.8,246.2,283.4,339.6,373.4,393.9,412.1
,,,,,,,,,
F,8/12/11,202,202,255.2,293.6,351.9,386.9,408.1,427
T,8/11/11,209.9,209.9,265,304.9,365.5,401.9,424,443.6
W,8/10/11,193.5,193.5,244.2,281,336.5,370,390.4,408.6
T,8/9/11,197.9,197.9,249.8,287.3,344.1,378.3,399.1,417.6
M,8/8/11,191.3,191.3,241.4,277.6,332.5,365.5,385.5,403.3
,,,,,,,,,
F,8/5/11,193.7,193.7,244.2,280.9,336.5,370,390.4,408.6
T,8/4/11,184.1,184.1,232,266.8,319.5,351.3,370.7,387.9
W,8/3/11,179.6,179.6,226.3,260.3,311.7,342.7,361.6,378.5
T,8/2/11,175.7,175.7,221.3,254.5,304.7,335,353.5,369.9
M,8/1/11,171.7,171.7,216.2,248.7,297.7,327.2,345.3,361.4
,,,,,,,,,
F,7/29/11,173.1,173.1,217.7,250.4,299.6,329.3,347.5,363.6
T,7/28/11,172.3,172.3,216.7,249.1,298.1,327.6,345.8,361.9
W,7/27/11,172.2,172.2,216.5,249,298,327.5,345.7,361.8
T,7/26/11,173.3,173.3,217.8,250.4,299.6,329.3,347.6,363.8
M,7/25/11,174.4,174.4,219.2,252,301.5,331.4,349.8,366.1
,,,,,,,,,
F,7/22/11,172,172,215.9,248.3,297,326.4,344.6,360.6
T,7/21/11,174.2,174.2,218.7,251.5,300.8,330.7,349.1,365.5
W,7/20/11,176,176,220.8,253.9,303.7,333.8,352.5,369
T,7/19/11,177.9,177.9,223.2,256.7,307,337.5,356.4,373.1
M,7/18/11,177.8,177.8,223,256.3,306.6,337,355.9,372.6
,,,,,,,,,
F,7/15/11,175.8,175.8,220.4,253.3,303,333.1,351.7,368.3
T,7/14/11,174.5,174.5,218.7,251.4,300.7,330.5,349.1,365.5
W,7/13/11,173.6,173.6,217.4,250,299,328.7,347.2,363.5
T,7/12/11,174.7,174.7,218.7,251.5,300.7,330.6,349.2,365.7
M,7/11/11,173.4,173.4,217.1,249.6,298.4,328,346.4,362.8
,,,,,,,,,
F,7/8/11,170.5,170.5,213.3,245.1,293,322,340.2,356.2
T,7/7/11,170.7,170.7,213.5,245.4,293.3,322.3,340.6,356.6
W,7/6/11,170.1,170.1,212.7,244.5,292.2,321.1,339.3,355.4
T,7/5/11,168.8,168.8,211,242.5,289.8,318.5,336.5,352.4
M,7/4/11,167.2,167.2,208.9,240.1,286.9,315.3,333.2,349
,,,,,,,,,
F,7/1/11,167.1,167.1,208.7,239.8,286.6,315,332.9,348.7
T,6/30/11,167.1,167.1,208.6,239.8,286.5,315,332.9,348.8
W,6/29/11,236.1,236.1,262.4,282.1,297.7,307.5,317.5,325.6
T,6/28/11,238,238,264.4,284.3,300,310,320.1,328.3
M,6/27/11,245.1,245.1,272.3,292.8,309,319.2,329.7,338
,,,,,,,,,
F,6/24/11,237,237,263.2,282.9,298.6,308.5,318.6,326.7
T,6/23/11,233.7,233.7,259.5,278.9,294.4,304.1,314.1,322.1
W,6/22/11,230.2,230.2,255.6,274.8,290,299.6,309.4,317.3
T,6/21/11,229.2,229.2,254.4,273.5,288.6,298.2,308,315.9
M,6/20/11,243.5,243.5,270.3,290.6,306.6,316.8,327.2,335.5
,,,,,,,,,
F,6/17/11,228.8,228.8,257.1,276.7,292,301.4,310.7,318
T,6/16/11,231.9,231.9,260.6,280.4,296,305.5,314.9,322.4
W,6/15/11,229.8,229.8,258.1,277.8,293.2,302.6,311.9,319.3
T,6/14/11,230.1,230.1,258.4,278.1,293.6,303,312.3,319.8
M,6/13/11,235.6,235.6,264.6,284.8,300.6,310.3,319.8,327.4
,,,,,,,,,
F,6/10/11,226.4,226.7,255.2,275.7,292.2,302.9,314.8,326.4
T,6/9/11,221.9,222.1,250,270.1,286.3,296.7,308.3,319.5
W,6/8/11,218.8,219.1,246.5,266.3,282.2,292.4,303.8,314.7
T,6/7/11,219.9,220.1,247.7,267.5,283.5,293.8,305.3,316.3
M,6/6/11,220.8,221,248.7,268.6,284.6,295,306.5,317.6
,,,,,,,,,
F,6/3/11,222.5,222.7,250.5,270.5,286.7,297.1,308.8,320
T,6/2/11,224.6,224.8,252.8,273,289.4,300,311.9,323.3
W,6/1/11,223.5,223.7,251.5,271.6,287.9,298.4,310.1,321.4
T,5/31/11,242.9,243.2,273.5,295.5,313.4,325,338.2,351.1
M,5/30/11,254.2,254.5,286.3,309.4,328.2,340.5,354.5,368.5
,,,,,,,,,
F,5/27/11,254,254.3,285.9,308.8,327.7,340,354.3,368.1
T,5/26/11,251.9,252.2,283.5,306.2,324.9,337.1,351.1,364.8
W,5/25/11,252.8,253.1,284.5,307.2,325.9,338.2,352.3,366.1
T,5/24/11,251.2,251.5,282.6,305.2,323.8,336,350,363.6
M,5/23/11,246.3,246.6,277.1,299.2,317.4,329.2,342.9,356.1
,,,,,,,,,
F,5/20/11,243,243.3,273.3,295,312.9,324.6,338,350.9
T,5/19/11,242.1,242.4,272.1,293.7,311.5,323.2,336.5,349.3
W,5/18/11,261.7,262.1,294.3,317.9,337.4,350.2,365.1,379.7
T,5/17/11,262.8,263.2,295.6,319.2,338.8,351.7,366.7,381.4
M,5/16/11,265.1,265.5,298.1,321.9,341.7,354.7,369.9,384.8
,,,,,,,,,
F,5/13/11,264.1,264.4,296.8,320.5,340.1,353.1,368.2,383
T,5/12/11,272.9,273.3,306.8,331.3,351.8,365.2,381.1,396.8
W,5/11/11,272.8,273.2,306.6,331.1,351.5,365,380.8,396.5
T,5/10/11,272.8,273.2,306.6,331.1,351.5,365,380.8,396.5
M,5/9/11,270.7,271.1,304.1,328.5,348.7,362,377.7,393.2
,,,,,,,,,
F,5/6/11,270.5,270.9,303.8,328.1,348.3,361.6,377.3,392.8
T,5/5/11,269.4,269.8,302.5,326.7,346.7,360,375.6,390.9
W,5/4/11,267.5,267.9,300.4,324.3,344.2,357.4,372.8,387.9
T,5/3/11,267.9,268.3,300.7,324.7,344.7,357.8,373.3,388.5
M,5/2/11,262.7,263.1,294.8,318.2,337.7,350.6,365.6,380.3
,,,,,,,,,
F,4/29/11,267.2,267.6,297.3,320.2,339.1,351.4,366.5,381.3
T,4/28/11,272.4,272.8,300.1,322.3,340.5,352.1,367.3,382.3
W,4/27/11,270.6,271,298,320.1,338.2,349.6,364.7,379.6
T,4/26/11,270.9,271.3,298.3,320.3,338.4,349.9,364.9,379.8
M,4/25/11,269.5,269.9,296.7,318.7,336.8,348.1,363.2,377.9
,,,,,,,,,
F,4/22/11,269.7,270.1,296.7,319.3,337.1,348.5,363.6,378.6
T,4/21/11,270.4,270.8,297.5,320,337.9,349.4,364.5,379.6
W,4/20/11,267.3,267.7,294.1,316.4,334,345.3,360.3,375.1
T,4/19/11,268.7,269.1,295.5,317.9,335.7,347.1,362.2,377.1
M,4/18/11,271.9,272.3,299,321.7,339.7,351.2,366.5,381.8
,,,,,,,,,
F,4/15/11,264.6,265,290.9,312.8,330.2,341.3,356,370.5
T,4/14/11,263.6,264,289.7,311.6,328.9,340,354.7,369.1
W,4/13/11,260.4,260.7,286.1,307.6,324.7,335.6,350,364.2
T,4/12/11,256.8,257.1,282.1,303.3,320,330.7,344.8,358.6
M,4/11/11,251,251.3,275.7,296.4,312.7,323.1,336.8,350.1
,,,,,,,,,
F,4/8/11,246.7,247,270.8,291.1,307.1,317.3,330.7,343.6
T,4/7/11,250.1,250.4,274.5,295.1,311.3,321.7,335.3,348.6
W,4/6/11,252.6,252.9,277.3,298,314.5,325,338.8,352.3
T,4/5/11,256.4,256.7,281.4,302.5,319.3,330,344.1,358
M,4/4/11,254.6,255,279.5,300.4,317,327.7,341.7,355.4
,,,,,,,,,
F,4/1/11,260.9,261.3,286.4,307.8,324.9,335.9,350.3,364.6
T,3/31/11,264.1,264.4,289.8,311.5,328.9,340,354.7,369.3
W,3/30/11,264.1,264.5,289.8,311.6,328.9,340,354.7,369.3
T,3/29/11,264.1,264.5,289.8,311.5,328.9,340,354.8,369.3
M,3/28/11,262.6,263,288.1,309.7,326.9,338,352.6,367.1
,,,,,,,,,
F,3/25/11,271.1,271.5,297.4,319.8,337.6,349.2,364.5,379.7
T,3/24/11,272.3,272.7,298.7,321.2,339.2,350.8,366.2,381.6
W,3/23/11,276.8,277.3,303.7,326.6,344.9,356.7,372.6,388.4
T,3/22/11,275.6,276,302.3,325,343.2,355,370.7,386.4
M,3/21/11,286.8,287.3,314.7,338.5,357.6,370,386.7,403.5
,,,,,,,,,
F,3/18/11,287.1,287.5,318.2,342.9,362.2,374.6,390.9,407.4
T,3/17/11,293.7,294.2,325.6,351,370.9,383.7,400.5,417.8
W,3/16/11,294.3,294.8,326.3,351.7,371.5,384.3,401.2,418.3
T,3/15/11,297.2,297.7,329.5,355.1,375.2,388.1,405.3,422.7
M,3/14/11,294.1,294.6,326,351.3,371.1,383.9,400.7,417.8
,,,,,,,,,
F,3/11/11,294.5,295,326.2,351.6,371.4,384.1,401,418.2
T,3/10/11,291,291.4,322.2,347.2,366.7,379.3,395.8,412.6
W,3/9/11,287.2,287.7,318,342.6,361.8,374.2,390.4,406.7
T,3/8/11,285.3,285.8,315.8,340.3,359.3,371.6,387.6,403.8
M,3/7/11,285.5,286,316,340.5,359.5,371.8,387.9,404.1
,,,,,,,,,
F,3/4/11,282.5,283,312.6,336.6,355.4,367.5,383.3,399.2
T,3/3/11,284.3,284.8,314.5,338.8,357.8,370,386,402.2
W,3/2/11,284.4,284.8,314.5,338.8,357.8,370,386.1,402.3
T,3/1/11,284.4,284.8,314.5,338.8,357.8,370,386.1,402.3
M,2/28/11,284.7,285.2,314.8,339.1,358.1,370.3,386.4,402.7
,,,,,,,,,
F,2/25/11,280.8,281.3,310.4,334.3,353,365,380.8,396.6
T,2/24/11,284.6,285.1,314.6,338.8,357.8,370,386.1,402.3
W,2/23/11,280,280.4,309.4,333.2,351.8,363.8,379.5,395.3
T,2/22/11,215.4,215.6,262.2,304.6,342.2,359.4,378.8,392.6
M,2/21/11,214.4,214.6,260.9,303.1,340.4,357.5,376.9,390.6
,,,,,,,,,
F,2/18/11,212.5,212.7,258.4,300.1,337.1,354.1,373.2,386.7
T,2/17/11,210.3,210.5,255.6,296.8,333.2,350,368.9,382.1
W,2/16/11,205.8,206,250.1,290.4,326,342.4,360.7,373.5
T,2/15/11,200.6,200.8,243.7,282.8,317.4,333.3,351.1,363.3
M,2/14/11,197.9,198.1,240.3,278.9,313,328.6,346,358
,,,,,,,,,
F,2/11/11,195.6,195.7,237.2,275.3,308.9,324.3,341.5,353.2
T,2/10/11,203.4,203.6,246.8,286.5,321.6,337.7,355.9,368.4
W,2/9/11,213.5,213.7,259.1,300.8,337.7,354.8,374.1,387.7
T,2/8/11,203.3,203.5,246.6,286.2,321.3,337.5,355.6,368.2
M,2/7/11,208.7,208.9,253.1,293.8,329.9,346.5,365.3,378.5
,,,,,,,,,
F,2/4/11,228.3,228.5,276.8,321.6,361.4,380,401.3,416.7
T,2/3/11,235.2,235.5,285.3,331.5,372.7,392,414.2,430.6
W,2/2/11,236.5,236.8,286.8,333.3,374.9,394.4,416.8,433.4
T,2/1/11,211.6,211.8,256.3,297.6,334.4,351.5,370.9,384.5
M,1/31/11,262.7,263.1,318.7,370.8,417.5,439.7,465.8,486.1
,,,,,,,,,
F,1/28/11,269,269.4,326.2,379.4,427.3,450.1,477.2,498.6
T,1/27/11,234.3,234.6,283.7,329.6,370.7,390,412.2,428.6
W,1/26/11,216.1,216.3,261.4,303.5,341.1,358.6,378.6,392.9
T,1/25/11,205.2,205.4,248.1,288,323.5,340,358.6,371.7
M,1/24/11,187.9,188,227,263.3,295.6,310.5,327.1,338.4
,,,,,,,,,
F,1/21/11,190.7,190.8,230.2,267.1,299.9,315,332,343.5
T,1/20/11,193.6,193.7,233.7,271.2,304.5,320,337.4,349.3
W,1/19/11,191.2,191.4,230.8,267.7,300.6,315.8,332.9,344.6
T,1/18/11,188.4,188.5,227.3,263.6,296,311,327.7,339.1
M,1/17/11,191.6,191.7,231.1,268.1,301,316.3,333.5,345.3
,,,,,,,,,
F,1/14/11,167.3,167.4,201.5,233.6,262.1,275.2,289.6,299.1
T,1/13/11,168,168.1,202.4,234.5,263.1,276.3,290.8,300.3
W,1/12/11,165.7,165.8,199.6,231.3,259.4,272.4,286.7,296
T,1/11/11,162.3,162.4,195.4,226.4,254,266.6,280.6,289.7
M,1/10/11,157.4,157.5,189.4,219.4,246.1,258.3,271.7,280.4
,,,,,,,,,
F,1/7/11,153.7,153.8,184.8,214,239.9,251.8,264.8,273.2
T,1/6/11,152.1,152.1,182.8,211.6,237.3,249,261.9,270.1
W,1/5/11,151,151.1,181.5,210.1,235.6,247.3,260.1,268.3
T,1/4/11,152.6,152.7,183.4,212.4,238.2,250,263,271.3
M,1/3/11,147.8,147.9,177.5,205.5,230.3,241.8,254.2,262.1
F,12/31/10,150.1,150.1,179.9,206.8,231.3,242.5,254.9,263.2
T,12/30/10,151.7,151.8,181.8,209,233.8,245.1,257.6,266.1
W,12/29/10,151.6,151.7,181.6,208.7,233.4,244.9,257.5,266
T,12/28/10,151.3,151.4,181.1,208.3,232.9,244.4,257.1,265.7
M,12/27/10,151.3,151.4,181.1,208.3,232.9,244.4,257.1,265.7
,,,,,,,,,
F,12/24/10,151.5,151.6,181.5,208.8,233.5,245,257.8,266.4
T,12/23/10,151.6,151.6,181.5,208.8,233.5,245,257.8,266.4
W,12/22/10,153.1,153.2,183.3,210.9,235.9,247.6,260.5,269.3
T,12/21/10,153.2,153.2,183,210.5,235.6,247.4,260.7,270
M,12/20/10,151.4,151.5,180.9,208,232.8,244.4,257.5,266.7
,,,,,,,,,
F,12/17/10,145.9,146,177.8,204.9,229.3,240,251.9,259.9
T,12/16/10,145.6,145.6,177.3,204.4,228.7,239.3,251.1,259.1
W,12/15/10,143,143.1,174.1,200.7,224.6,235.1,246.7,254.5
T,12/14/10,145.7,145.8,177.4,204.5,228.9,239.6,251.5,259.6
M,12/13/10,143.1,143.1,174.1,200.7,224.6,235.1,246.7,254.6
,,,,,,,,,
F,12/10/10,143.6,143.7,174.7,201.4,225.4,235.9,247.7,255.7
T,12/9/10,141.6,141.6,172.1,198.4,222.1,232.5,244.1,251.9
W,12/8/10,142.8,142.8,173.6,200.1,224,234.5,246.2,254.1
T,12/7/10,140,140.1,170.2,196.2,219.7,230,241.5,249.2
M,12/6/10,142.8,142.8,173.5,200,224,234.5,246.2,254.2
,,,,,,,,,
F,12/3/10,143.2,143.3,173.9,200.4,224.4,235,246.8,254.9
T,12/2/10,138.7,138.7,168.3,193.7,217,227.2,238.6,246.2
W,12/1/10,141.7,141.8,172.3,198.3,222,233.1,245.6,254.4
T,11/30/10,136.9,137,166.4,191.5,214.4,225.1,237,245.5
M,11/29/10,133.8,133.9,162,186.5,209,219.1,229.9,238.7
,,,,,,,,,
F,11/26/10,131.5,131.5,159.1,183,205.1,215,225.7,234.3
T,11/25/10,131.2,131.3,158.8,182.7,204.7,214.6,225.2,233.8
W,11/24/10,131.1,131.1,158.7,182.6,204.8,215.1,226.3,235
T,11/23/10,131.2,131.3,158.8,182.7,204.9,215.3,226.4,235.1
M,11/22/10,129.4,129.4,156.5,180,201.8,212,222.9,231.5
,,,,,,,,,
F,11/19/10,130.1,130.2,157.3,181,203,213.2,224.2,232.9
T,11/18/10,132.8,132.8,160.4,184.6,207.1,217.6,228.9,237.8
W,11/17/10,133.6,133.6,161.3,185.5,208.2,218.8,230.1,239.1
T,11/16/10,132.9,132.9,160.8,185.4,208.6,220,231.9,241.9
M,11/15/10,132.9,132.9,160.8,185.4,208.6,220,231.9,241.9
,,,,,,,,,
F,11/12/10,143.3,143.3,173.4,200,225.2,237.5,250.7,261.8
T,11/11/10,138.8,138.8,168.1,193.9,217.2,230.1,244.2,255
W,11/10/10,133.8,133.8,159.9,184.2,204.1,215,228.2,238.6
T,11/9/10,133.1,133.2,159.1,183.2,203.1,214,227.2,237.6
M,11/8/10,130.7,130.7,156.1,179.8,199.4,210,222.9,233.1
,,,,,,,,,
F,11/5/10,129.2,129.3,154.3,177.7,197,207.5,220.2,230.3
T,11/4/10,135,135,161.1,185.5,205.7,216.7,230.1,240.6
W,11/3/10,137.5,137.5,164.2,189.7,209.4,220,234,244.2
T,11/2/10,137.5,137.6,164.2,189.7,209.4,220,234,244.2
M,11/1/10,137.6,137.6,164.2,189.7,209.4,220,234.1,244.3
,,,,,,,,,
F,10/29/10,138.8,138.9,165.7,191.4,211.2,221.9,236.1,246.4
T,10/28/10,139.4,139.5,166.4,192.1,212,222.8,237,247.4
W,10/27/10,142.4,142.4,169.8,196.1,216.4,227.5,242.1,252.8
T,10/26/10,139.3,139.3,166.1,191.8,211.7,222.5,236.8,247.2
M,10/25/10,140.7,140.8,167.8,193.8,213.9,224.8,239.3,249.9
,,,,,,,,,
F,10/22/10,139.4,139.5,166.1,191.9,211.8,222.6,237,247.5
T,10/21/10,140.2,140.3,167.1,192.9,213,223.9,238.4,249
W,10/20/10,142.1,142.1,169.3,195.5,215.8,226.9,241.6,252.4
T,10/19/10,142.1,142.1,169.2,195.4,215.6,226.7,241.4,252.2
M,10/18/10,142.5,142.6,169.7,195.9,216.3,227.4,242.1,253
,,,,,,,,,
F,10/15/10,141.4,141.5,168.3,194.3,214.5,225.5,240.1,250.9
T,10/14/10,142.4,142.4,169.4,195.6,215.9,227,241.8,252.7
W,10/13/10,141.8,141.8,168.7,194.7,214.9,226,240.7,251.6
T,10/12/10,145.4,145.4,172.9,199.6,220.4,231.8,246.9,258.1
M,10/11/10,144.1,144.1,171.3,197.7,218.3,229.6,244.6,255.7
,,,,,,,,,
F,10/8/10,142.9,142.9,169.8,196,216.3,227.5,242.4,253.4
T,10/7/10,145.6,145.7,173,199.7,220.5,231.9,247.1,258.4
W,10/6/10,143.6,143.7,170.6,196.8,217.3,228.5,243.5,254.5
T,10/5/10,145.6,145.6,172.9,199.5,220.2,231.6,246.9,258.1
M,10/4/10,146.4,146.4,173.8,200.6,221.4,232.9,248.2,259.6
,,,,,,,,,
F,10/1/10,147.5,147.6,175.1,202,223,234.6,250.1,261.6
T,9/30/10,147.4,147.5,174.9,201.8,222.8,234.4,249.9,261.4
W,9/29/10,146.6,146.7,173.9,200.7,221.5,233.1,248.4,259.9
T,9/28/10,146.9,147,174.3,201.1,221.9,233.5,248.9,260.4
M,9/27/10,144.8,144.9,171.8,198.1,218.6,230,245.1,256.4
,,,,,,,,,
F,9/24/10,144.9,145,171.7,198.1,218.6,230,245.2,256.4
T,9/23/10,144.9,145,171.7,198.1,218.6,230,245.2,256.5
W,9/22/10,145,145,171.8,198.1,218.6,230,245.2,256.5
T,9/21/10,143.9,143.9,170.4,196.4,216.8,228.1,243.1,254.2
M,9/20/10,144.8,144.8,171.4,197.7,218.2,229.5,244.6,255.8
,,,,,,,,,
F,9/17/10,142.9,142.9,172.3,199.3,219.8,230.7,245.1,255.5
T,9/16/10,143.1,143.1,172.5,199.5,220.1,231,245.4,255.9
W,9/15/10,142.5,142.5,171.8,198.7,219.1,230,244.4,254.8
T,9/14/10,142.5,142.6,171.8,198.7,219.1,230,244.4,254.8
M,9/13/10,141.1,141.1,170,196.6,216.7,227.5,241.7,252
,,,,,,,,,
F,9/10/10,142.7,142.7,171.8,198.7,219.1,230,244.4,254.9
T,9/9/10,142.4,142.5,171.5,198.3,218.7,229.6,244.1,254.6
W,9/8/10,142.6,142.7,171.6,198.5,218.9,229.9,244.4,254.9
T,9/7/10,140.1,140.1,168.5,194.9,214.9,225.6,239.7,250
M,9/6/10,137.9,137.9,165.8,191.7,211.4,222,235.8,245.9
,,,,,,,,,
F,9/3/10,138.5,138.6,166.5,192.6,212.4,223,237,247.2
T,9/2/10,141,141.1,169.5,196,216.2,227,241.3,251.8
W,9/1/10,141.5,141.5,170,196.6,216.8,227.7,242.1,252.6
T,8/31/10,136.7,136.8,164.3,189.9,209.4,219.9,233.7,243.7
M,8/30/10,133.9,134,160.9,185.9,205,215.2,228.6,238.3
,,,,,,,,,
F,8/27/10,133.3,133.3,160.3,185.3,204.5,215,228.4,238.9
T,8/26/10,133.3,133.4,160.3,185.3,204.5,215,228.4,238.9
W,8/25/10,133.3,133.4,160.3,185.3,204.5,215,228.4,238.9
T,8/24/10,131.6,131.6,158.1,182.8,201.7,212,225.2,235.5
M,8/23/10,130.4,130.4,156.7,181.1,199.8,210,223.1,233.2
,,,,,,,,,
F,8/20/10,129.2,129.3,155.2,179.3,197.9,208,221,231
T,8/19/10,128.4,128.5,154.2,178.1,196.6,206.6,219.5,229.4
W,8/18/10,130.5,130.6,156.7,181,199.8,210,223.1,233.3
T,8/17/10,130.7,130.7,156.8,181.2,200,210.2,223.4,233.7
M,8/16/10,132,132,158.3,182.9,201.9,212.3,225.6,235.9
,,,,,,,,,
F,8/13/10,130.4,130.5,156.4,180.6,199.3,209.6,222.7,232.9
T,8/12/10,127.3,127.4,152.6,176.3,194.5,204.5,217.3,227.2
W,8/11/10,125.2,125.3,150,173.3,191.2,201,213.5,223.2
T,8/10/10,123.3,123.3,147.7,170.6,188.2,197.8,210.1,219.5
M,8/9/10,123.7,123.7,148.1,171,188.7,198.3,210.6,220.1
,,,,,,,,,
F,8/6/10,126.5,126.5,151.4,174.8,192.9,202.8,215.4,225.2
T,8/5/10,123.6,123.7,147.9,170.8,188.4,198.1,210.4,219.9
W,8/4/10,122.1,122.2,146.1,168.7,186.1,195.7,207.8,217.1
T,8/3/10,122.5,122.5,146.5,169.1,186.6,196.1,208.3,217.7
M,8/2/10,121.8,121.8,145.6,168.1,185.5,195,207.1,216.4
,,,,,,,,,
F,7/30/10,124,124,148.2,171,188.7,198.4,210.8,220.3
T,7/29/10,126.3,126.3,150.8,174.1,192.1,202,214.6,224.4
W,7/28/10,123.7,123.8,147.8,170.5,188.1,197.8,210.1,219.6
T,7/27/10,122,122.1,145.7,168.1,185.5,195,207.1,216.5
M,7/26/10,123.8,123.8,147.8,170.5,188.1,197.8,210.1,219.6
,,,,,,,,,
F,7/23/10,125.2,125.2,149.4,172.4,190.2,200,212.6,222.2
T,7/22/10,119.6,119.6,142.6,164.5,181.5,190.8,202.8,211.9
W,7/21/10,121.5,121.5,144.9,167.1,184.4,193.9,206,215.3
T,7/20/10,126.2,126.3,150.5,173.6,191.6,201.5,214.2,224
M,7/19/10,126.1,126.1,150.3,173.4,191.4,201.3,213.9,223.8
,,,,,,,,,
F,7/16/10,126.2,126.2,150.3,173.4,191.3,201.2,213.9,223.7
T,7/15/10,126.6,126.7,150.9,174,191.9,201.9,214.6,224.4
W,7/14/10,125.4,125.4,149.3,172.2,189.9,199.8,212.3,222
T,7/13/10,127.1,127.1,151.3,174.5,192.5,202.4,215.2,225.1
M,7/12/10,126.5,126.6,150.6,173.7,191.6,201.5,214.3,224.1
,,,,,,,,,
F,7/9/10,128.7,128.8,153.2,176.6,194.9,205,218,228.1
T,7/8/10,131.2,131.3,156.1,180,198.6,209,222.3,232.7
W,7/7/10,135,135.1,160.6,185.2,204.4,215.1,228.9,239.7
T,7/6/10,135.3,135.3,160.9,185.5,204.7,215.4,229.2,240.1
M,7/5/10,136.3,136.3,162,186.8,206.2,217,230.9,241.8
,,,,,,,,,
F,7/2/10,137.9,137.9,163.8,189.1,209,220,234.7,245.9
T,7/1/10,137.9,137.9,163.8,189.1,208.9,220,234.7,245.9
W,6/30/10,137.9,138,163.8,189.1,208.9,220,234.7,245.9
T,6/29/10,138,138,163.8,189.1,208.9,220,234.7,245.9
M,6/28/10,133.1,133.2,158,182.4,201.4,212,226.1,236.8
,,,,,,,,,
F,6/25/10,135.1,135.1,160.2,184.9,204.2,215,229.3,240.2
T,6/24/10,134.7,134.7,159.7,184.4,203.6,214.4,228.7,239.5
W,6/23/10,131.8,131.8,156.2,180.3,199.1,209.6,223.5,234
T,6/22/10,125.4,125.4,148.6,171.4,189.2,199.2,212.3,222.2
M,6/21/10,124.9,124.9,147.9,170.7,188.4,198.3,211.4,221.3
,,,,,,,,,
F,6/18/10,110.2,110.2,141.5,170.1,191.8,203.6,213,222.6
T,6/17/10,109.7,109.7,140.7,169.2,190.8,202.4,211.8,221.3
W,6/16/10,111.2,111.2,142.6,171.5,193.3,205.1,214.6,224.3
T,6/15/10,113.8,113.8,145.9,175.5,197.8,210,219.8,229.8
M,6/14/10,112.4,112.4,144.1,173.3,195.4,207.4,217,226.8
,,,,,,,,,
F,6/11/10,115.3,115.3,147.6,177.5,200.2,212.5,222.4,232.6
T,6/10/10,115.5,115.5,147.9,177.8,200.5,212.9,222.9,233.2
W,6/9/10,119.7,119.8,153.3,184.3,207.8,220.7,231.1,241.9
T,6/8/10,113.4,113.4,145.9,175.5,199.8,213.4,222.9,233
M,6/7/10,114.2,114.2,145.1,172.1,197,211.7,220.9,229.6
,,,,,,,,,
F,6/4/10,110.5,110.5,140.4,166.9,190.8,205,214.1,223
T,6/3/10,110.5,110.5,140.4,166.9,190.8,205,214.1,223
W,6/2/10,113.2,113.2,143.8,170.9,195.4,210,219.4,228.6
T,6/1/10,106.3,106.3,134.9,160.4,183.3,196.9,205.7,214.1
M,5/31/10,103.6,103.6,132.1,156.6,179.7,193.4,202,210
,,,,,,,,,
F,5/28/10,104.4,104.4,133.1,158.1,181.3,195,203.5,211.4
T,5/27/10,112.9,112.9,143.6,170.9,196,210.9,220.7,229.5
W,5/26/10,119.2,119.2,150.8,178.9,205.2,220.9,232.2,241.8
T,5/25/10,121.4,121.4,153.6,182.1,208.9,225,236.5,246.3
M,5/24/10,109.9,109.9,139,164.7,189,203.4,213.6,222.1
,,,,,,,,,
F,5/21/10,109.8,109.8,138.6,164.1,189.2,204,214.8,224.3
T,5/20/10,108.7,108.7,136.3,161.4,185.9,200,212.3,222.9
W,5/19/10,108.7,108.7,136.2,161.4,185.9,200,212.3,222.9
T,5/18/10,103.4,103.4,129.6,153.4,176.6,190,201.6,211.5
M,5/17/10,105.6,105.6,132.3,156.6,180.3,194,205.9,216.1
,,,,,,,,,
F,5/14/10,104.8,104.9,131.3,155.4,178.9,192.5,204.3,214.4
T,5/13/10,100.9,100.9,126.2,149.4,172,185,196.3,205.9
W,5/12/10,103.7,103.7,129.8,153.7,176.9,190.3,202,212
T,5/11/10,111.7,111.7,139.7,165.4,190.5,205,217.7,228.6
M,5/10/10,104.1,104.1,130.2,154.1,177.5,191,202.7,212.8
,,,,,,,,,
F,5/7/10,116,116,145,171.4,197.4,212.5,225.9,237.3
T,5/6/10,116.2,116.3,145.1,173,198.3,213.6,227.7,239.9
W,5/5/10,113.4,113.4,141.5,168.6,193.2,208.1,221.8,233.6
T,5/4/10,106.6,106.6,133,158.4,181.4,195.3,208.1,219
M,5/3/10,103.3,103.3,128.9,153.6,175.8,189.3,201.5,212.2
,,,,,,,,,
F,4/30/10,103.4,103.4,129.3,153.7,176.2,190,202.1,212.8
T,4/29/10,103.2,103.2,129.1,153.4,175.9,189.7,201.8,212.4
W,4/28/10,108.4,108.4,135.6,161.2,184.8,199.3,212.1,223.4
T,4/27/10,104.3,104.3,130.4,154.9,177.6,191.5,203.7,214.5
M,4/26/10,102.2,102.2,127.7,151.7,173.9,187.5,199.5,209.9
,,,,,,,,,
F,4/23/10,137.1,137.2,156.3,174.3,186.6,195.6,197.4,201.6
T,4/22/10,154.5,154.6,176.2,196.6,210.6,220.9,223.1,228.1
W,4/21/10,153.7,153.8,175.3,195.5,209.5,219.6,221.8,226.8
T,4/20/10,155.7,155.8,177.6,198.1,212.2,222.5,224.7,229.8
M,4/19/10,157.3,157.4,179.4,200.1,214.4,224.9,227.1,232.3
,,,,,,,,,
F,4/16/10,156.9,156.9,178.7,199.3,213.6,224,226.2,231.4
T,4/15/10,162.5,162.6,185.1,206.5,221.3,232.1,234.5,240
W,4/14/10,164.5,164.6,187.4,209.1,224,235,237.5,243.1
T,4/13/10,165.3,165.4,188.3,210.1,225.2,236.2,238.7,244.4
M,4/12/10,172.4,172.5,196.4,219,234.7,246.3,249,255
,,,,,,,,,
F,4/9/10,184,184.1,209.6,233.9,250.7,263,266.3,273.1
T,4/8/10,177.5,177.6,202,225.2,241.4,253.7,260.4,268.4
W,4/7/10,177.5,177.6,202.1,225.4,241.4,253.6,260.5,268.4
T,4/6/10,177.5,177.6,202,224.9,241.5,253.2,260.2,268
M,4/5/10,179.2,179.3,204.7,227.3,244,255.9,262.8,270.8
,,,,,,,,,
F,4/2/10,181.3,181.4,206.6,229.4,246.4,258.4,265,273.1
T,4/1/10,182.9,183.1,208.1,231.1,248.4,260,266.5,274.6
W,3/31/10,183,183.1,208.1,231.1,248.4,260,266.5,274.6
T,3/30/10,180.4,180.5,205.1,227.8,244.9,256.3,262.6,270.6
M,3/29/10,181.6,181.8,206.5,229.4,246.5,258,264.4,272.5
,,,,,,,,,
F,3/26/10,169.3,169.4,191.6,213.1,228.7,239.9,246,253.1
T,3/25/10,169.3,169.4,191.5,213.1,228.7,240,246,253
W,3/24/10,169.3,169.4,191.5,213.1,228.7,240,246,253.1
T,3/23/10,169.3,169.4,191.5,213.1,228.7,240,246,253.1
M,3/22/10,172.3,172.4,194.7,216.4,231.9,242.2,248.8,254.7
,,,,,,,,,
F,3/19/10,171.6,171.7,193.8,215.8,230.6,239.9,247.2,253.8
T,3/18/10,171.6,171.7,193.8,215.8,230.6,240,247.1,253.8
W,3/17/10,169.8,169.9,191.8,213.5,228.1,237.4,244.5,251
T,3/16/10,172.4,172.5,194.7,216.8,231.6,241,248.2,254.9
M,3/15/10,157.7,157.7,177.9,198,211.4,220,226.4,232.3
,,,,,,,,,
F,3/12/10,158.8,158.9,179.1,199.3,212.9,221.5,228,234
T,3/11/10,161.3,161.4,181.9,202.4,216.2,225,231.6,237.7
W,3/10/10,162.9,163,183.7,204.4,218.4,227.3,234,240.2
T,3/9/10,174.3,174.4,196.7,218.9,233.9,243.5,250.8,257.7
M,3/8/10,180.9,181,204,227.1,242.7,252.6,260.4,267.7
,,,,,,,,,
F,3/5/10,187.7,187.8,209.8,233.1,249.4,260,267.4,273.8
T,3/4/10,182.8,183,204.3,227,242.8,253.1,260.3,266.4
W,3/3/10,183.8,183.9,205.4,228.1,244.1,254.4,261.6,267.8
T,3/2/10,183.4,183.5,204.9,227.6,243.4,253.8,261,267.1
M,3/1/10,181,181.1,202.1,224.5,239.5,249.7,256.8,262.9
,,,,,,,,,
F,2/26/10,185.8,185.9,206.8,228.9,245.9,256.4,263.6,269.8
T,2/25/10,191.2,191.3,211.6,233.7,251.7,262.5,269.8,276.2
W,2/24/10,191.2,191.4,211.6,233.7,251.7,262.5,269.8,276.2
T,2/23/10,193.1,193.3,213.7,235.9,254.1,265,272.4,278.9
M,2/22/10,193.1,193.3,213.7,235.9,254.1,265,272.4,278.9
,,,,,,,,,
F,2/19/10,207.5,207.7,229.6,253.5,273.2,285,293.2,300.6
T,2/18/10,207.5,207.7,229.6,253.5,273.1,285,293.3,300.6
W,2/17/10,203.9,204.1,225.6,249.1,268.4,280,288.1,295.3
T,2/16/10,196.8,197,217.7,240.3,258.8,270,277.7,284.5
M,2/15/10,198.7,198.9,219.8,242.6,260.9,271.9,280.4,287.6
,,,,,,,,,
F,2/12/10,198.7,198.9,219.8,242.6,260.9,272,280.4,287.7
T,2/11/10,198.9,199.1,219.9,242.9,259.6,269.8,279.4,287.2
W,2/10/10,200,200.2,222.5,245.8,262.3,272.5,283.7,292.9
T,2/9/10,205.4,205.6,228.5,252.4,269.5,280,291.6,301.2
M,2/8/10,202.2,202.4,224.8,248.4,264.8,275,286.2,295.9
,,,,,,,,,
F,2/5/10,195.8,196,219.2,242.6,259.7,270,280,289.6
T,2/4/10,194.8,194.9,217.9,241.1,258.1,268.3,278.3,287.7
W,2/3/10,188.8,189,211.2,233.7,250.1,260,269.5,278.6
T,2/2/10,193.4,193.6,216.4,239.4,256.2,266.4,276.3,285.6
M,2/1/10,195.5,195.7,218.8,242.3,259.3,269.5,279.4,289.2
,,,,,,,,,
F,1/29/10,192.3,192.5,217.4,238.3,255.3,266,276.8,286.4
T,1/28/10,179.5,179.6,202.8,226.5,247.2,260,273.3,284.8
W,1/27/10,153.1,153.2,178.3,208.7,241.9,260,296.5,323.2
T,1/26/10,152,152.1,177,207.1,240.1,258,294.3,320.6
M,1/25/10,150.3,150.4,175,204.7,237.3,255,290.8,316.9
,,,,,,,,,
F,1/22/10,147.5,147.6,171.6,200.7,232.6,250,285.1,310.6
T,1/21/10,146.8,146.9,170.8,199.7,231.4,248.7,283.5,308.8
W,1/20/10,142.8,142.9,166.1,194.1,224.9,241.6,275.4,299.8
T,1/19/10,143,143,166.2,194.4,225.1,242,275.7,300.1
M,1/18/10,142.8,142.8,167,194.7,225.8,243.3,277.1,301.8
,,,,,,,,,
F,1/15/10,142.3,142.4,166,194.1,225,242.5,276.3,300.8
T,1/14/10,143.8,143.9,167.7,196.1,227.4,245,279.1,303.9
W,1/13/10,143.9,143.9,167.8,196.2,227.4,245.1,279.3,304.2
T,1/12/10,143.9,144,167.8,196.2,227.4,245,279.1,303.9
M,1/11/10,141.1,141.2,164.4,192.2,222.7,240,273.4,297.5
,,,,,,,,,
F,1/8/10,145.5,145.5,169.4,198.1,229.5,247.4,281.9,306.9
T,1/7/10,144.8,144.9,168.7,197.1,228.4,246.2,280.5,305.5
W,1/6/10,147,147.1,171.2,200.1,231.9,250,285,310.6
T,1/5/10,150,150.1,174.7,204.1,236.6,255,290.7,316.8
M,1/4/10,149,149.1,173.4,202.6,234.8,253.1,288.2,314
,,,,,,,,,
F,1/1/10,149.4,149.5,175.3,203.5,235.6,255,289,314.5
T,12/31/09,149.4,149.5,175.2,203.5,235.6,255,289,314.6
W,12/30/09,153.7,153.8,179.9,209.3,243.3,265.2,304.5,335.2
T,12/29/09,155.7,155.8,182.6,212.1,245.5,265.8,301.4,328.2
M,12/28/09,156.6,156.7,183.4,213.4,246.6,265.9,302.8,330.1
,,,,,,,,,
F,12/25/09,157.2,157.3,183.5,214.2,247.6,267.1,304.2,331.6
T,12/24/09,157.2,157.3,183.5,214.2,247.7,267.1,304.2,331.7
W,12/23/09,156.5,156.6,181.3,213.7,247.5,267,304.3,331.1
T,12/22/09,156.7,156.8,182,214.4,247.6,267.1,305.2,332.7
M,12/21/09,156,156.1,181.9,213.6,246.5,265.9,305.2,335.2
,,,,,,,,,
F,12/18/09,142,142,166.8,195.4,225.2,242.5,278.8,307.2
T,12/17/09,138.2,138.2,163,192.7,222.2,238.9,274.7,301.7
W,12/16/09,138.2,138.2,163.1,192.7,222.3,239,274.7,301.9
T,12/15/09,137.3,137.3,162.6,192.4,222.9,240.1,276.7,304
M,12/14/09,127.8,127.8,154.6,184,218.7,240,281.5,310.5
,,,,,,,,,
F,12/11/09,129.3,129.3,156.8,186.5,221.9,243.5,285.9,314.5
T,12/10/09,130.9,130.9,158.4,188.5,224.5,246.5,289.7,319.4
W,12/9/09,130.9,130.9,158,187.4,224.2,246.8,288.4,317.1
T,12/8/09,131.3,131.3,157.3,186.5,222.8,245.1,286.4,315.9
M,12/7/09,129.8,129.8,154.9,184.1,221.1,243.6,283.5,311.8
,,,,,,,,,
F,12/4/09,130.3,130.3,155.5,184.9,222.1,245,283.5,313.8
T,12/3/09,129.4,129.4,154.4,183.6,220.6,243.3,281.6,311.8
W,12/2/09,130.3,130.3,155.4,184.9,222.1,245,283.6,314.1
T,12/1/09,126.7,126.8,151.2,179.8,216,238.2,275.8,305.4
M,11/30/09,133.9,133.9,159.1,187.5,225,248.2,287,317.9
,,,,,,,,,
F,11/27/09,135.8,135.8,161.7,191,229.4,253.1,291.7,325.3
T,11/26/09,129.6,129.6,154.1,181.6,217.7,239.9,274.9,307.3
W,11/25/09,131.1,131.1,150.4,172.4,202.9,221.4,247.4,271.7
T,11/24/09,131.3,131.3,150.6,172.7,203,221.6,248.1,271.8
M,11/23/09,131.1,131.2,151,172.6,202.8,221.4,247.7,271.6
,,,,,,,,,
F,11/20/09,131.4,131.5,151.6,173.1,204.5,223.5,248.2,272.7
T,11/19/09,133.9,133.9,154.4,176.3,208,227.5,252.7,277.4
W,11/18/09,130.4,130.5,150.5,172.1,201.8,220,246.7,270.6
T,11/17/09,130.5,130.5,150.6,172.2,201.8,220,246.7,270.6
M,11/16/09,130.6,130.6,150.6,172.2,201.8,220,246.6,270.5
,,,,,,,,,
F,11/13/09,130.6,130.7,150.7,172.2,201.8,220,246.6,270.5
T,11/12/09,130.7,130.7,150.7,172.3,201.8,220,246.6,270.5
W,11/11/09,130.8,130.8,150.7,172.3,201.8,220,246.6,270.5
T,11/10/09,130.8,130.8,150.8,172.3,201.8,220,246.6,270.5
M,11/9/09,130.8,130.9,150.8,172.3,201.8,220,246.6,270.5
,,,,,,,,,
F,11/6/09,131.9,131.9,151.9,173.6,203.3,221.6,248.4,272.5
T,11/5/09,131,131.1,150.9,172.4,201.8,220,246.7,270.5
W,11/4/09,131.1,131.1,150.9,172.4,201.8,220,246.7,270.6
T,11/3/09,131.1,131.1,150.9,172.3,201.8,220,246.7,270.7
M,11/2/09,128.1,128.2,147.5,168.4,197.2,215,241.1,264.5
,,,,,,,,,
F,10/30/09,130.9,130.9,152.2,173.4,202.2,220,248.2,271.9
T,10/29/09,130.9,130.9,152.2,173.4,202.3,220,248.2,272
W,10/28/09,129.5,129.5,150.6,171.5,200,217.5,245.3,268.8
T,10/27/09,130.1,130.2,151.4,172.4,200.9,218.5,246.4,269.9
M,10/26/09,129.3,129.3,150.4,171.2,199.5,217,244.7,268.1
,,,,,,,,,
F,10/23/09,128.4,128.4,149.2,169.9,198.1,215.4,243,266.3
T,10/22/09,128.2,128.2,148.9,169.6,197.7,215,242.6,265.8
W,10/21/09,126.7,126.8,147.2,167.6,195.4,212.5,239.8,262.8
T,10/20/09,127.2,127.2,147.8,168.2,196,213.2,240.5,263.6
M,10/19/09,128.3,128.3,149,169.6,197.7,215,242.6,265.9
,,,,,,,,,
F,10/16/09,128.4,128.4,149,169.6,197.7,215,242.5,265.8
T,10/15/09,126.8,126.9,147.2,167.6,195.3,212.4,239.6,262.6
W,10/14/09,121,121.1,140.4,159.8,186.2,202.5,228.4,250.3
T,10/13/09,123.3,123.4,143.1,162.8,189.7,206.3,232.8,255.1
M,10/12/09,125.8,125.8,145.9,166,193.4,210.4,237.3,260.1
,,,,,,,,,
F,10/9/09,125.6,125.6,145.7,165.9,193.3,210.4,237.1,260.1
T,10/8/09,124.6,124.7,144.6,164.6,191.8,208.7,235.2,258.1
W,10/7/09,122.6,122.6,142.1,161.7,188.4,205,231,253.3
T,10/6/09,126.3,126.3,146.2,165.9,192.2,208.2,232.2,251.5
M,10/5/09,124.4,124.4,144,163.4,189.3,205,228.8,247.8
,,,,,,,,,
F,10/2/09,124,124,143.4,162.7,188.5,204.2,227.9,246.9
T,10/1/09,123.6,123.6,142.9,162.2,187.9,203.4,227,245.9
W,9/30/09,123.1,123.1,142.3,161.4,187,202.5,226,244.9
T,9/29/09,123.7,123.7,143,162.2,187.9,203.5,227.1,246
M,9/28/09,125.2,125.2,144.7,164.1,190.1,205.8,229.6,248.7
,,,,,,,,,
F,9/25/09,123.8,123.8,143,162.2,187.9,203.4,227,245.8
T,9/24/09,123.4,123.4,142.6,161.7,187.2,202.7,226.1,244.9
W,9/23/09,122.4,122.4,141.3,160.3,185.6,201,224.2,242.8
T,9/22/09,125,125,144.3,163.6,189.3,205,228.6,247.6
M,9/21/09,189.5,189.5,201.9,206.6,206.1,205,198.3,191.5
,,,,,,,,,
F,9/18/09,188.8,188.8,202.6,207.2,206.4,205,197.8,190.8
T,9/17/09,187.7,187.7,201.4,206,205.2,203.8,196.7,189.7
W,9/16/09,188.8,188.8,202.5,207.2,206.4,205,197.8,190.8
T,9/15/09,189.6,189.6,203.4,208,207.2,205.9,198.7,191.6
M,9/14/09,192.4,192.4,206.3,211.1,210.2,208.9,201.5,194.3
,,,,,,,,,
F,9/11/09,190.9,190.9,205.6,209.9,208.8,207.3,200.2,193
T,9/10/09,186.5,186.5,200.9,205,203.9,202.5,195.6,188.5
W,9/9/09,179.2,179.2,193,196.9,196,194.6,188,181.1
T,9/8/09,177.3,177.3,190.9,194.8,193.9,192.5,185.9,179.2
M,9/7/09,188.8,188.8,203.3,207.5,206.4,205,198.1,190.9
,,,,,,,,,
F,9/4/09,178.9,178.9,192.5,196.5,195.5,194.2,187.6,180.7
T,9/3/09,175.7,175.7,189.1,193,192.1,190.7,184.2,177.5
W,9/2/09,179.7,179.7,193.3,197.3,196.4,195,188.4,181.6
T,9/1/09,176.7,176.7,190.2,194.1,193.2,191.8,185.3,178.6
M,8/31/09,169.1,169.1,181.6,184.8,183.8,182.5,174.9,168.5
,,,,,,,,,
F,8/28/09,169.1,169.1,181.6,184.8,183.8,182.5,174.9,168.5
T,8/27/09,171.2,171.2,183.9,187.1,186.1,184.8,177,170.6
W,8/26/09,176,176,189.1,192.3,191.4,190,182.1,175.4
T,8/25/09,178.9,178.9,192.1,195.5,194.5,193.1,185,178.3
M,8/24/09,180.7,180.7,194,197.4,196.4,195,186.9,180.1
,,,,,,,,,
F,8/21/09,180.7,180.7,194,197.4,196.4,195,186.9,180.1
T,8/20/09,183,183,196.5,199.9,198.9,197.5,189.3,182.5
W,8/19/09,178.6,178.6,191.7,195.1,194.1,192.7,184.7,178
T,8/18/09,180.7,180.7,194,197.4,196.4,195,186.9,180.1
M,8/17/09,183.8,183.8,197.2,200.7,199.7,198.3,190.1,183.3
,,,,,,,,,
F,8/14/09,172.6,172.6,185.2,188.4,187.5,186.2,178.5,172.1
T,8/13/09,171.5,171.5,184,187.2,186.3,185,177.4,171
W,8/12/09,173,173.1,185.6,188.9,187.9,186.7,179,172.6
T,8/11/09,176.1,176.1,188.9,192.2,191.3,190,182.2,175.8
M,8/10/09,173.8,173.8,186.4,189.6,188.7,187.5,179.8,173.4
,,,,,,,,,
F,8/7/09,239.9,239.9,257.1,261.6,260.4,258.7,248.4,239.8
T,8/6/09,233.9,233.9,250.8,255.6,254.8,253.8,243.1,234
W,8/5/09,229.6,229.6,246.1,249.9,249.2,248.2,238.4,229.1
T,8/4/09,229.6,229.6,246.1,249.9,249.2,248.2,238.4,229.1
M,8/3/09,231.3,231.3,247.9,251.8,251,250,240.1,230.7
,,,,,,,,,
F,7/31/09,242.8,242.8,260.1,264.2,263.4,262.4,252.1,242.4
T,7/30/09,246.3,246.3,264.5,269.4,268,266.1,257.9,248.2
W,7/29/09,248.6,248.6,270.5,275.7,275.9,275,265.6,253.7
T,7/28/09,237.9,237.9,258.8,263.9,264,263.4,254.2,243.4
M,7/27/09,237.9,237.9,261.4,266.8,266.6,265,256.3,246.5
,,,,,,,,,
F,7/24/09,240.6,240.6,264.2,269.6,269.4,267.9,259.1,249.2
T,7/23/09,245.1,245.1,267.5,272.5,271.4,270,261,251.7
W,7/22/09,258.8,258.8,282.4,287.6,286.4,285,275.5,265.8
T,7/21/09,258.8,258.8,282.4,287.6,286.4,285,275.6,265.9
M,7/20/09,253,253,276,281.1,280.2,278.8,269.7,260.4
,,,,,,,,,
F,7/17/09,259.7,259.7,283.5,288.7,288.2,287,277.3,267.9
T,7/16/09,261.6,261.6,283.6,291,289.7,289.1,279.4,269.7
W,7/15/09,265.3,265.3,286.3,292.9,291.3,290,280.5,270.8
T,7/14/09,270.9,270.9,292.3,298.9,297.4,296.1,286.4,276.4
M,7/13/09,280.3,280.3,302.8,308.6,307.5,306.2,295.4,286.3
,,,,,,,,,
F,7/10/09,278.6,278.6,300.8,306.5,305.8,305.5,295,286.3
T,7/9/09,274.9,274.9,296.1,301.7,300.9,300,290.3,282
W,7/8/09,274.9,274.9,296.1,301.7,300.9,300,290.3,282.1
T,7/7/09,275,275,296,301.7,300.9,300,290.3,282.2
M,7/6/09,296.6,296.6,319.3,325.3,324.4,323.6,313.3,305.1
,,,,,,,,,
F,7/3/09,293.6,293.6,315.9,321.7,320.8,320.1,310.3,303.1
T,7/2/09,290.9,290.9,313.4,318.7,318.4,318.2,308.3,301
W,7/1/09,293,293,316,319.8,320.7,320.9,310.3,301.7
T,6/30/09,297.5,297.5,319.8,323.4,324.1,324.2,313.5,305
M,6/29/09,287.4,287.4,309,312.5,313.2,313.4,303,294.8
,,,,,,,,,
F,6/26/09,294.2,294.2,316.2,319,318.7,318.1,308.8,302.7
T,6/25/09,263.9,263.9,269.2,299.7,314,326.1,362.2,391.4
W,6/24/09,273.1,273.1,275.6,307,321.5,334,370.7,401.3
T,6/23/09,277.1,277.1,279.4,311.9,327.1,340.3,378.1,406.7
M,6/22/09,270.3,270.3,271.8,302.5,318.8,332.5,370.1,397.5
,,,,,,,,,
F,6/19/09,260.7,260.7,261.6,291.3,307.9,321.4,358.6,380.4
T,6/18/09,264.7,264.7,265.1,294.9,311.5,325,362.1,380.8
W,6/17/09,276.5,276.5,276.9,307.9,325.1,339.3,377.8,397.2
T,6/16/09,263.4,263.4,265.8,293,310.9,325,361.2,379.2
M,6/15/09,298.5,298.5,301.1,331.8,351.8,367.6,407.9,427.6
,,,,,,,,,
F,6/12/09,298.2,298.2,301.7,332.7,351.7,367.4,411.4,433.5
T,6/11/09,282.7,282.7,285.9,316,334.4,349.9,387.3,406
W,6/10/09,276.6,276.6,280.6,311,329.3,344.9,381.4,401.6
T,6/9/09,278.2,278.2,281.7,310.5,329.6,345.4,381.5,401.9
M,6/8/09,274.1,274.1,278.6,306.8,326.5,342.4,378.8,401.4
,,,,,,,,,
F,6/5/09,265.6,265.6,270,297.6,316.8,331.1,362.8,384.8
T,6/4/09,272.8,272.8,278,305.2,324.3,340,372.4,394.4
W,6/3/09,273,273,278.1,305.3,324.3,340,372.3,394.2
T,6/2/09,258.9,258.9,263.6,289.5,307.3,322.1,353.2,374.2
M,6/1/09,268,268,273.7,298.5,316,330.4,364.4,383.9
,,,,,,,,,
F,5/29/09,280.8,280.8,286.4,313.8,334.7,350,380.1,396.8
T,5/28/09,280.8,280.8,286.4,313.8,334.7,350,380.1,396.8
W,5/27/09,272.6,272.6,278.1,304.9,325,340.1,369.4,385.2
T,5/26/09,271.3,271.3,278,304.1,324.1,340.1,370.6,385.2
M,5/25/09,268,268,272.3,299.9,319,333.6,363.4,377.9
,,,,,,,,,
F,5/22/09,272.6,272.6,277.1,303.3,323.5,338.5,368.5,383.1
T,5/21/09,275.8,275.8,280.4,305.1,326.2,341.8,371,385.3
W,5/20/09,277.8,277.8,282.4,308.3,326.5,340,370.4,384.7
T,5/19/09,282.3,282.3,287.6,313.8,334.1,350,379.9,394.1
M,5/18/09,278.8,278.8,284.1,310.1,330,345,374.6,388.7
,,,,,,,,,
F,5/15/09,279.5,279.5,285.6,312.4,333.5,350,381.1,395.6
T,5/14/09,279.5,279.5,285.6,312.4,333.5,350,381.1,395.6
W,5/13/09,335.7,335.7,343,374.4,399.5,418.6,455.3,472.1
T,5/12/09,328,328,335.6,366.9,387.8,404.7,444.7,459.6
M,5/11/09,319.2,319.2,328.1,360.6,382.7,399.1,439.6,454.5
,,,,,,,,,
F,5/8/09,246,246,253.7,285.7,308.2,322.6,354.8,366.2
T,5/7/09,256.2,256.2,262.5,292.2,312.6,326.5,360.3,372.8
W,5/6/09,272.5,272.5,278.8,310.4,331.9,346.2,380,391.8
T,5/5/09,283.7,283.7,289.2,323.9,349.9,365.3,399.1,412
M,5/4/09,303.1,303.1,309.3,345,373.6,393.1,430.8,445
,,,,,,,,,
F,5/1/09,310.9,310.9,317,352,378.5,400,438.9,453.3
T,4/30/09,347.8,347.8,354.8,393.5,423,446.6,488.8,504.5
W,4/29/09,364.3,364.3,372.6,410.9,438.6,462.1,507.2,519.6
T,4/28/09,377.4,377.4,386.3,425,460.4,485.5,530.2,546.9
M,4/27/09,379.4,379.4,388.3,428.6,464.1,488.9,533.7,550.7
,,,,,,,,,
F,4/24/09,375.1,375.1,383.9,424.2,457.3,480.7,525.3,541.2
T,4/23/09,383.2,383.2,392,432,466.3,491.4,535.5,552.8
W,4/22/09,390,390,398,435.3,471.8,499.3,542.5,558.7
T,4/21/09,385.9,385.9,392.9,430.9,466.9,496.2,539.7,556.3
M,4/20/09,395.4,395.4,402.4,438.9,475.5,505.9,555.5,572.8
,,,,,,,,,
F,4/17/09,364.2,364.2,370.6,404.6,434,460,502,517.1
T,4/16/09,374.2,374.2,378,410.7,439.5,469,512.1,526.9
W,4/15/09,415.4,415.4,399.1,381.8,369.3,367.5,365.8,364.4
T,4/14/09,420.3,420.3,404.4,388.3,376.5,374.4,372.6,371.2
M,4/13/09,429.2,429.2,416,401,389.7,386.3,383.7,382.3
,,,,,,,,,
F,4/10/09,424.2,424.2,416,403.6,394.9,391.8,389.5,389.2
T,4/9/09,424.2,424.2,416,403.6,394.9,391.8,389.5,389.2
W,4/8/09,418.1,418.1,409.1,411.6,406.9,403.5,413.6,428.4
T,4/7/09,419.4,419.4,410,412.5,410.8,409.8,420.2,433.6
M,4/6/09,409.6,409.6,399.9,404.9,401.7,398.8,412.7,429.3
,,,,,,,,,
F,4/3/09,,421.8,409.5,414,410.3,409.1,422.2,437.4
T,4/2/09,,446,431.5,437.5,433.6,434.1,448.8,464
W,4/1/09,,473.8,456.9,460.6,456.7,457.3,473.2,489.9
T,3/31/09,,482.1,464.8,466.6,463.5,464,479.5,496.5
M,3/30/09,,493.5,476,477.9,474.7,475,484.7,503.7
,,,,,,,,,
F,3/27/09,,505.3,487.4,489.1,485.8,485.9,495.9,515.1
T,3/26/09,,500.8,483.1,481.8,479,480,492.3,511
W,3/25/09,,468.8,452.2,450.5,447.7,448.7,461.1,478.2
T,3/24/09,,464.5,455.1,454.9,455.6,458.1,466.1,482.4
M,3/23/09,,483.3,473.9,475,474.3,476.4,482.4,497.1
,,,,,,,,,
F,3/20/09,,498.1,487.9,488.6,487.5,489.3,493.2,501.2
T,3/19/09,,504.7,494.4,492.9,491,492.5,495.7,502.4
W,3/18/09,,513.9,504,504.7,503.3,505.1,509.5,515.2
T,3/17/09,,508,497.1,499.1,498,500,503.7,511
M,3/16/09,,635.3,621.8,624,622.4,624.9,628.4,635.6
,,,,,,,,,
F,3/13/09,,660.3,646.5,648.9,647.5,650,658.5,666.6
T,3/12/09,,660.3,646.5,648.9,647.5,650,658.5,666.6
W,3/11/09,,660.3,646.5,648.9,647.6,650,658.4,666.5
T,3/10/09,,660.3,646.6,649,647.6,650,658.4,666.5
M,3/9/09,,698.4,683.9,686.4,685,687.5,696.3,704.7
,,,,,,,,,
F,3/6/09,,660.2,646.6,649,647.6,650,658.4,666.5
T,3/5/09,,660.2,646.6,649,647.6,650,658.3,666.4
W,3/4/09,,660.2,646.6,649,647.6,650,658.4,666.4
T,3/3/09,,660.2,646.6,649,647.6,650,658.4,666.4
M,3/2/09,,660.2,646.7,649,647.6,650,658.3,666.3
,,,,,,,,,
F,2/27/09,,654.9,649.1,647.1,647,650.2,660.9,669.8
T,2/26/09,,664.8,656.3,654.5,650.2,650,655.5,662.3
W,2/25/09,,664.8,656.4,654.5,650.2,650,655.6,662.4
T,2/24/09,,664.8,656.4,654.5,650.2,650,655.6,662.4
M,2/23/09,,664.7,656.4,654.5,650.2,650,655.6,662.4
,,,,,,,,,
F,2/20/09,,664.7,656.4,654.5,650.2,650,655.5,662.4
T,2/19/09,,662.4,654.1,652.3,647.9,647.7,653.3,660.1
W,2/18/09,,688.4,679.7,677.8,672.1,671.7,677.3,684.4
T,2/17/09,,685.1,679.6,676.7,674.4,673.4,679.9,688.7
M,2/16/09,,667.7,661.3,659,656.2,655.2,659.2,663.8
,,,,,,,,,
F,2/13/09,,659,653.9,652.1,650.7,650,654,658.7
T,2/12/09,,638.7,633.8,632,630.7,630,633.9,638.5
W,2/11/09,,640.4,635.4,633.6,632.3,631.6,635.6,640.1
T,2/10/09,,646.6,641.6,639.8,638.5,637.8,641.7,646.3
M,2/9/09,,521.4,565.9,582,593.6,600,612,622.2
,,,,,,,,,
F,2/6/09,,565.3,613.2,630.6,643.1,650,662.8,673.7
T,2/5/09,,566.6,613.9,631.1,643.3,650,662.1,672.2
W,2/4/09,,566.6,613.9,631,643.3,650,662.2,672.3
T,2/3/09,,566.6,613.8,631,643.2,650,662.2,672.4
M,2/2/09,,583.4,630.5,647.8,660.1,667.3,679.6,689.8
,,,,,,,,,
F,1/30/09,,568.5,614.6,633.5,644,650,661.2,672.1
T,1/29/09,,568.4,614.6,633.5,644,650,661.2,672.3
W,1/28/09,,568.4,614.5,633.5,643.9,650,661.3,672.4
T,1/27/09,,586.5,633.9,653.4,664.1,670.4,681.9,693.2
M,1/26/09,,590.7,638.3,657.9,668.7,675,686.6,698
,,,,,,,,,
F,1/23/09,,568.7,614.5,633.4,643.9,650,661.3,672.5
T,1/22/09,,575.3,621.5,640.6,651.2,657.4,668.8,680.1
W,1/21/09,,590.8,638.2,657.8,668.7,675,686.7,698.2
T,1/20/09,,568.8,614.4,633.4,643.9,650,661.4,672.7
M,1/19/09,,566.7,612.1,631,641.5,647.6,659,670.3
,,,,,,,,,
F,1/16/09,,569.1,614.6,633.3,644,650,661.4,672.6
T,1/15/09,,569.1,614.6,633.3,644,650,661.3,672.6
W,1/14/09,,569.2,614.6,633.3,644,650,661.3,672.5
T,1/13/09,,569.3,614.6,633.3,644,650,661.3,672.5
M,1/12/09,,564.6,609.5,628,638.7,644.6,655.8,667
,,,,,,,,,
F,1/9/09,,547.4,590.8,608.8,619.2,625,636,646.9
T,1/8/09,,547.5,590.9,608.8,619.2,625,635.9,646.7
W,1/7/09,,536.4,578.8,596.5,606.7,612.3,623.1,633.8
T,1/6/09,,547.7,590.9,608.8,619.2,625,635.9,646.8
M,1/5/09,,547.7,590.9,608.9,619.2,625,635.9,646.8
,,,,,,,,,
F,1/2/09,,523.8,565.1,582.3,592.3,597.9,608.6,619.3
T,1/1/09,,526.3,567.3,585.2,594.4,600,610.5,621.4